№,Игра,Шутер,Раздел,XBOX (консоль),XBOX (PC),PS4,PS5,Платформы,Дата релиза,Издатель,Рейтинг,Доп. источник платформ
1,Call of Duty: Modern Warfare 4,Да,Предзаказ,Да,Да,,Да,XBOX + PC | PS5,2026-10-22,Activision Publishing Inc.,3360,official
2,Call of Duty: Modern Warfare - Dijital Standart Sürüm,Да,Новинка,Да,Да,Да,Да,XBOX + PC | PS4/PS5,2019-10-24,Activision,3260,official
3,Call of Duty: Black Ops 7 - Cross-Gen Paketi,Да,Каталог,Да,Да,Да,Да,XBOX + PC | PS4/PS5,2025-11-13,Activision Publishing Inc.,3240,official
4,Call of Duty: Modern Warfare II - Cross-Gen Paketi,Да,Каталог,Да,Да,Да,Да,XBOX + PC | PS4/PS5,2025-07-29,Activision Publishing Inc.,3240,official
5,Call of Duty: Modern Warfare III - Cross-Gen Paketi,Да,Каталог,Да,Да,Да,Да,XBOX + PC | PS4/PS5,2025-07-29,Activision Publishing Inc.,3240,official
6,Call of Duty: Vanguard - Cross-Gen Paketi,Да,Каталог,Да,Да,Да,Да,XBOX + PC | PS4/PS5,2021-11-05,Activision Blizzard Int'l BV,3240,official
7,Call of Duty: Black Ops Cold War,Да,Каталог,Да,Да,Да,Да,XBOX + PC | PS4/PS5,2020-11-13,Activision Blizzard Int'l BV,3240,official
8,Call of Duty: WWII (Windows),Да,Каталог,Да,Да,Да,,XBOX + PC | PS4,2017-11-17,Activision Blizzard Int'l BV,3240,official
9,Call of Duty: Black Ops II (2012),Да,Каталог,Да,Да,Да,,XBOX + PC | PS4,2024-12-19,Activision Publishing Inc.,3200,official
10,Call of Duty: Modern Warfare 2 (2009),Да,Каталог,Да,Да,Да,Да,XBOX + PC | PS4/PS5,2024-12-12,Activision Publishing Inc.,3200,official
11,Call of Duty: Modern Warfare 3 (2011),Да,Каталог,Да,Да,Да,Да,XBOX + PC | PS4/PS5,2024-12-12,Activision Publishing Inc.,3200,official
12,Call of Duty 4: Modern Warfare (2007),Да,Каталог,Да,Да,Да,,XBOX + PC | PS4,2024-12-09,Activision Publishing Inc.,3200,official
13,Call of Duty: Black Ops 6 - Cross-Gen Paketi,Да,Каталог,Да,Да,Да,Да,XBOX + PC | PS4/PS5,2024-11-01,Activision Publishing Inc.,3200,official
14,Call of Duty: Modern Warfare 2 Campaign Remastered,Да,Каталог,Да,Да,Да,Да,XBOX + PC | PS4/PS5,2020-04-30,Activision Publishing Inc.,3200,official
15,Call of Duty: Black Ops 4 - Digital Deluxe,Да,Каталог,Да,Да,Да,,XBOX + PC | PS4,2018-10-12,Activision Blizzard Int'l BV,3200,official
16,Call of Duty: Infinite Warfare - Legacy Edition,Да,Каталог,Да,Да,Да,,XBOX + PC | PS4,2016-11-04,Activision Blizzard Int'l BV,3200,official
17,Call of Duty Black Ops III,Да,Каталог,Да,Да,Да,Да,XBOX + PC | PS4/PS5,2015-11-06,Activision Blizzard Int'l BV,3200,official
18,Call of Duty Advanced Warfare,Да,Каталог,Да,Да,Да,,XBOX + PC | PS4,2014-11-03,Activision Blizzard Int'l BV,3200,official
19,Call of Duty: Ghosts Discount,Да,Каталог,Да,,Да,,XBOX | PS4,2013-11-22,Activision Blizzard Int'l BV,3200,official
20,Battlefield 6,Да,Каталог,Да,Да,,Да,XBOX + PC | PS5,2025-10-10,Electronic Arts,3040,official
21,Battlefield V,Да,Каталог,Да,Да,Да,,XBOX + PC | PS4,2018-11-20,Electronic Arts,3040,official
22,Battlefield 2042 для PS5,Да,Каталог,Да,Да,Да,Да,XBOX + PC | PS4/PS5,2021-11-19,EA Swiss Sarl,3000,official
23,Battlefield 1,Да,Каталог,Да,Да,Да,,XBOX + PC | PS4,2016-10-21,EA Swiss Sarl,3000,official
24,Золотое издание Call of Duty: Advanced Warfare [R\P],Да,Каталог,,,,Да,PS5,2015-04-07,Activision Blizzard Int'l BV,3000,
25,Battlefield Hardline,Да,Каталог,Да,Да,Да,,XBOX + PC | PS4,2015-03-17,EA Swiss Sarl,3000,official
26,Battlefield 4 Premium Edition,Да,Каталог,Да,Да,Да,,XBOX + PC | PS4,2014-10-22,EA Swiss Sarl,3000,official
27,ARC Raiders,Да,Каталог,Да,Да,,Да,XBOX + PC | PS5,2025-10-30,Embark Studios,970,catalog
28,Marathon,Да,Каталог,Да,,,Да,XBOX | PS5,2026-03-05,Bungie,900,official
29,Halo: Campaign Evolved - Standard Edition,Да,Предзаказ,Да,Да,,,XBOX + PC,2026-07-28,Xbox Game Studios,880,
30,HELLDIVERS 2,Да,Каталог,Да,,,Да,XBOX | PS5,2025-08-26,PlayStation Publishing LLC,870,official
31,Turok 3: Shadow of Oblivion Remastered,Да,Каталог,,,,Да,PS5,2024-04-09,Atari Inc.,850,
32,Ready or Not,Да,Каталог,Да,Да,,,XBOX + PC,2025-07-15,VOID Interactive,840,
33,Gears of War: E-Day,Да,Предзаказ,Да,Да,,,XBOX + PC,2026-10-01,Xbox Game Studios,820,
34,Tom Clancy's Rainbow Six Siege - Elit Sürüm,Да,Каталог,Да,,,,XBOX,2025-06-10,Ubisoft,800,
35,HELLDIVERS Dive Harder Edition,Да,Каталог,,,Да,,PS4,2015-07-08,Sony Interactive Entertainment,790,
36,Arma Reforger,Да,Предзаказ,Да,,,,XBOX,9998-12-30,Bohemia Interactive a.s.,760,
37,Tom Clancy’s Rainbow Six Extraction PS4 & PS5,Да,Каталог,,,,Да,PS5,2022-01-20,Ubisoft,760,
38,Hell Let Loose: Vietnam,Да,Предзаказ,Да,Да,,,XBOX + PC,2026-08-13,Team17,740,
39,DOOM: The Dark Ages,Да,Каталог,Да,Да,,Да,XBOX + PC | PS5,2025-05-15,Bethesda Softworks,740,official
40,FAR CRY 3,Да,Каталог,,Да,,,XBOX(PC),2025-08-22,Ubisoft,720,
41,Far Cry New Dawn,Да,Каталог,,Да,Да,,XBOX(PC) | PS4,2025-05-06,Ubisoft,720,catalog
42,"Warhammer 40,000: Space Marine 2",Да,Каталог,Да,Да,,,XBOX + PC,2024-09-09,Focus Entertainment,720,
43,Halo Infinite,Да,Каталог,Да,Да,,,XBOX + PC,2021-12-08,Xbox Game Studios,720,
44,Far Cry 6,Да,Каталог,Да,,,Да,XBOX | PS5,2021-10-07,UBISOFT,720,catalog
45,Halo 2: Anniversary,Да,Каталог,,Да,,,XBOX(PC),2020-05-13,Xbox Game Studios,720,
46,Halo: Combat Evolved Anniversary,Да,Каталог,,Да,,,XBOX(PC),2020-03-03,Xbox Game Studios,720,
47,Far Cry 5,Да,Каталог,,Да,Да,,XBOX(PC) | PS4,2018-03-27,Ubisoft,720,
48,FAR CRY PRIMAL,Да,Каталог,,Да,Да,,XBOX(PC) | PS4,2016-02-23,Ubisoft Entertainment,720,
49,Gears of War: Reloaded,Да,Каталог,Да,Да,,,XBOX + PC,2025-08-26,Xbox Game Studios,700,
50,Dead by Daylight: Doomed Course,Да,Каталог,Да,,,,XBOX,2024-11-28,Behaviour Interactive Inc.,700,
51,The Last Kids on Earth and the Staff of Doom,Да,Каталог,,,Да,,PS4,2021-06-04,OUTRIGHT GAMES LLC,700,
52,DOOM 3: VR Edition,Да,Каталог,,,Да,,PS4,2021-03-29,Bethesda,700,
53,DOOM 64,Да,Каталог,,,Да,,PS4,2020-03-20,Bethesda,700,
54,DOOM Eternal Standard Edition,Да,Каталог,Да,,,,XBOX,2020-03-19,Bethesda Softworks,700,
55,STAR WARS Battlefront II: Celebration Edition,Да,Каталог,Да,,,,XBOX,2019-12-05,Electronic Arts,700,
56,STAR WARS Battlefront II: Праздничное издание,Да,Каталог,,,Да,,PS4,2019-12-05,EA Swiss Sarl,700,
57,DOOM 3,Да,Каталог,Да,Да,,,XBOX + PC,2019-07-26,Bethesda Softworks,700,
58,DOOM VFR,Да,Каталог,,,Да,,PS4,2017-12-01,Bethesda,700,
59,STAR WARS Battlefront II,Да,Каталог,,,Да,,PS4,2017-11-17,EA Swiss Sarl,700,
60,WE ARE DOOMED,Да,Каталог,,,Да,,PS4,2017-06-06,VERTEX POP INC.,700,
61,Masquerade: The Baubles Of Doom,Да,Каталог,,,,Да,PS5,2016-04-20,BIG ANT STUDIOS PTY LIMITED,700,
62,STAR WARS Battlefront,Да,Каталог,,,Да,,PS4,2015-11-19,EA Swiss Sarl,700,
63,Hell Let Loose - Canadian Airborne,Да,Новинка,Да,Да,,,XBOX + PC,2026-06-03,Team17,680,
64,S.T.A.L.K.E.R. 2: Heart of Chornobyl,Да,Каталог,Да,Да,,Да,XBOX + PC | PS5,2024-11-20,GSC Game World,680,official
65,FAR CRY 3: BLOOD DRAGON CLASSIC EDITION,Да,Каталог,,,Да,,PS4,2021-12-16,Ubisoft,680,
66,Far Cry 3 Blood Dragon Klasik Sürüm,Да,Каталог,Да,,,,XBOX,2021-12-15,Ubisoft,680,
67,FAR CRY6 Standard Edition PS4 & PS5,Да,Каталог,,,,Да,PS5,2021-10-07,Ubisoft,680,
68,Borderlands 3: Next Level Edition,Да,Каталог,Да,,,Да,XBOX | PS5,2020-11-09,2K,680,
69,Far Cry3 Classic Edition,Да,Каталог,,,Да,,PS4,2018-05-29,Ubisoft,680,
70,FAR CRY PRIMAL - APEX EDITION,Да,Каталог,,,Да,,PS4,2016-02-23,Ubisoft,680,
71,"Warhammer 40,000: Darktide - Aquila Welcome Offer",Да,Каталог,Да,Да,,,XBOX + PC,2025-12-02,Fatshark,660,
72,"Warhammer 40,000: Darktide - Hive Scum Class",Да,Каталог,Да,Да,,,XBOX + PC,2025-12-02,Fatshark,660,
73,Borderlands4,Да,Каталог,Да,,,,XBOX,2025-09-13,2K,660,
74,Borderlands4: Firehawk's Fury Silah Görünümü,Да,Каталог,Да,,,,XBOX,2025-09-13,2K,660,
75,"Warhammer 40,000: Darktide - Arbites Class",Да,Каталог,Да,Да,,,XBOX + PC,2025-06-23,Fatshark,660,
76,Atomic Heart,Да,Каталог,Да,Да,,Да,XBOX + PC | PS5,2023-02-20,Focus Entertainment,660,
77,Gears 5: Kovan Avcıları,Да,Каталог,Да,Да,,,XBOX + PC,2020-12-15,Xbox Game Studios,660,
78,Gears Tactics,Да,Каталог,Да,Да,,,XBOX + PC,2020-11-09,Xbox Game Studios,660,
79,Insurgency: Sandstorm - Breachpoint Set Bundle,Да,Новинка,Да,Да,,,XBOX + PC,2026-05-28,Focus Entertainment,640,
80,Insurgency: Sandstorm - Endurance Weapon Skin Set,Да,Новинка,Да,Да,,,XBOX + PC,2026-05-28,Focus Entertainment,640,
81,Insurgency: Sandstorm - Rapid Assault Gear Set,Да,Новинка,Да,Да,,,XBOX + PC,2026-05-28,Focus Entertainment,640,
82,Insurgency: Sandstorm - Scavenger Gear Set,Да,Новинка,Да,Да,,,XBOX + PC,2026-05-28,Focus Entertainment,640,
83,Insurgency: Sandstorm - War Torn Weapon Skin Set,Да,Новинка,Да,Да,,,XBOX + PC,2026-05-28,Focus Entertainment,640,
84,Borderlands 3: Director's Cut,Да,Каталог,Да,,,,XBOX,2021-04-08,2K,640,
85,Borderlands 3 PS4 & PS5,Да,Каталог,Да,,,Да,XBOX | PS5,2020-11-12,2K,640,catalog
86,Borderlands 3: Designer's Cut,Да,Каталог,Да,,,,XBOX,2020-11-09,2K,640,
87,Hell Let Loose - Operation Overlord Units,Да,Каталог,Да,Да,,,XBOX + PC,2025-06-25,Team17,620,
88,"Warhammer 40,000: Darktide - Imperial Edition",Да,Каталог,,,,Да,PS5,2024-12-03,FATSHARK AB,620,
89,Soul Stalker,Да,Каталог,,,Да,,PS4,2024-10-24,Radhood Sàrl,620,
90,"Warhammer 40,000: Darktide",Да,Каталог,Да,Да,,,XBOX + PC,2023-10-04,Fatshark,620,
91,Коллекция Borderlands: Ящик Пандоры,Да,Каталог,,,,Да,PS5,2023-09-01,2K,620,
92,New Tales from the Borderlands,Да,Каталог,,,,Да,PS5,2022-10-21,2K,620,
93,Borderlands'den Yeni Masallar,Да,Каталог,Да,,,,XBOX,2022-10-20,2K,620,
94,Tales from the Borderlands,Да,Каталог,,,Да,,PS4,2021-02-16,2K,620,
95,Borderlands: Game of the Year Edition,Да,Каталог,,,Да,,PS4,2019-04-03,2K,620,
96,Borderlands 2 VR,Да,Каталог,,,Да,,PS4,2018-12-14,2K,620,
97,Borderlands: The Pre-Sequel,Да,Каталог,,,,Да,PS5,2014-10-17,2K,620,
98,Darkstalkers Chronicle,Да,Каталог,,,,Да,PS5,2010-07-14,CE EUROPE LIMITED,620,
99,Tom Clancy's The Division - Mutlak Sürüm,Да,Каталог,Да,,,,XBOX,2026-02-03,Ubisoft,600,
100,Remnants of the Rift,Да,Каталог,Да,,,,XBOX,2025-11-18,Bromio,600,
101,Deep Rock Galactic: Survivor,Да,Каталог,Да,Да,,,XBOX + PC,2025-09-17,Ghost Ship Publishing,600,
102,Tom Clancy's The Division 2 - Nihai Sürüm,Да,Каталог,Да,,,,XBOX,2025-04-23,Ubisoft,600,
103,Metro Exodus,Да,Каталог,,,,Да,PS5,2021-06-18,Deep Silver,600,
104,Tom Clancy’s Ghost Recon Wildlands,Да,Каталог,,Да,Да,,XBOX(PC) | PS4,2017-04-18,Ubisoft,600,
105,Sniper Elite: Resistance,Да,Каталог,Да,Да,,,XBOX + PC,2025-01-30,Rebellion,580,
106,Hell Let Loose - Wacht am Rhein Units,Да,Каталог,Да,Да,,,XBOX + PC,2024-11-27,Team17,580,
107,Hell Let Loose - Oak Leaf,Да,Каталог,Да,Да,,,XBOX + PC,2024-04-25,Team17,580,
108,Sniper Elite 5,Да,Каталог,Да,Да,,Да,XBOX + PC | PS5,2022-05-26,REBELLION INTERACTIVE,580,
109,Hell Let Loose,Да,Каталог,Да,Да,,,XBOX + PC,2021-10-05,Team17,580,
110,Sniper Elite V2 Remastered,Да,Каталог,Да,Да,Да,,XBOX + PC | PS4,2019-05-14,Rebellion,580,
111,World War Z x The Walking Dead,Да,Каталог,Да,Да,,,XBOX + PC,2026-01-29,Saber Interactive Inc.,560,
112,Onimusha 2: Samurai's Destiny,Да,Каталог,Да,,Да,,XBOX | PS4,2025-05-22,"CAPCOM CO., LTD.",560,
113,Remnant II - The Dark Horizon,Да,Каталог,Да,Да,,,XBOX + PC,2024-09-24,Arc Games,560,
114,Overwatch - 30 Mitik Prizma,Да,Каталог,Да,,,,XBOX,2024-06-20,Blizzard Entertainment,560,
115,Remnant II - The Forgotten Kingdom,Да,Каталог,Да,Да,,,XBOX + PC,2024-04-23,Arc Games,560,
116,Overwatch - 10 Mitik Prizma,Да,Каталог,Да,,,,XBOX,2024-04-16,Blizzard Entertainment,560,
117,Overwatch - 100 Mitik Prizma,Да,Каталог,Да,,,,XBOX,2024-04-16,Blizzard Entertainment,560,
118,Overwatch - 50 Mitik Prizma,Да,Каталог,Да,,,,XBOX,2024-04-16,Blizzard Entertainment,560,
119,Remnant II - The Awakened King,Да,Каталог,Да,Да,,,XBOX + PC,2023-11-14,Arc Games,560,
120,Deep Rock Galactic PS4 & PS5,Да,Каталог,,,,Да,PS5,2022-01-04,COFFEE STAIN PUBLISHING AB,560,
121,Remnant: From the Ashes,Да,Каталог,,,Да,,PS4,2019-12-19,THQ NORDIC GMBH,560,
122,Tom Clancy’s The Division 2,Да,Каталог,,,Да,,PS4,2019-03-15,Ubisoft,560,
123,THE LAST REMNANT Remastered,Да,Каталог,,,Да,,PS4,2018-12-06,Square Enix LTD,560,
124,TOM CLANCY'S THE DIVISION,Да,Каталог,,,Да,,PS4,2016-03-08,Ubisoft,560,
125,PAYDAY 3: Party Powder Heist,Да,Каталог,Да,Да,,,XBOX + PC,2025-05-26,Starbreeze Entertainment,540,
126,Insurgency: Sandstorm - Tactical Doc Gear Set,Да,Каталог,Да,Да,,,XBOX + PC,2024-12-05,Focus Entertainment,540,
127,Insurgency: Sandstorm [PS4 & PS5],Да,Каталог,,,,Да,PS5,2024-01-30,Focus Entertainment,540,
128,Insurgency: Sandstorm - Livewire Set Bundle,Да,Каталог,Да,Да,,,XBOX + PC,2022-11-17,Focus Entertainment,540,
129,Insurgency: Sandstorm - Night Ops Set Bundle,Да,Каталог,Да,Да,,,XBOX + PC,2021-09-28,Focus Home Interactive,540,
130,Sniper Elite VR,Да,Каталог,,,Да,,PS4,2021-07-08,REBELLION INTERACTIVE,540,
131,BioShock 2 Remastered,Да,Каталог,,,Да,,PS4,2020-05-29,2K,540,
132,BioShock Remastered,Да,Каталог,,,Да,,PS4,2020-05-29,2K,540,
133,Sniper Elite 4,Да,Каталог,,,Да,,PS4,2017-02-14,REBELLION INTERACTIVE,540,
134,Max Payne 3. Полное издание.,Да,Каталог,,,,Да,PS5,2015-11-11,Rockstar Games,540,
135,BioShock 2 - полное издание,Да,Каталог,,,,Да,PS5,2015-06-05,2K,540,
136,Metro 2033 Redux,Да,Каталог,,,Да,,PS4,2015-06-02,Deep Silver,540,
137,Metro Redux,Да,Каталог,,,Да,,PS4,2014-08-29,Deep Silver,540,
138,Max Payne 3,Да,Каталог,Да,,,,XBOX,2012-05-15,Rockstar Games,540,
139,World War Z - Sin City Apocalypse Episode,Да,Каталог,Да,Да,,,XBOX + PC,2024-12-05,Saber Interactive Inc.,520,
140,"Warhammer 40,000: Boltgun - Forges of Corruption Edition",Да,Каталог,,,,Да,PS5,2024-06-18,Focus Entertainment,520,
141,World War Z - Valley of the Zeke Episode,Да,Каталог,Да,Да,,,XBOX + PC,2023-12-05,Saber Interactive Inc.,520,
142,"Warhammer 40,000: Boltgun (PS4 & PS5)",Да,Каталог,,,,Да,PS5,2023-05-23,Focus Entertainment,520,
143,World War Z: Aftermath,Да,Каталог,Да,Да,Да,,XBOX + PC | PS4,2021-09-21,Saber Interactive Inc.,520,catalog
144,Returnal,Да,Каталог,,,,Да,PS5,2021-04-30,Sony Interactive Entertainment,520,
145,World War Z,Да,Каталог,,,Да,,PS4,2019-04-16,"Saber Interactive, Inc",520,
146,Wolfenstein II: The New Colossus (CUSA07378),Да,Каталог,,,Да,,PS4,2017-10-27,Bethesda,520,
147,Titanfall 2: Максимальное издание,Да,Каталог,,,Да,,PS4,2017-08-01,EA Swiss Sarl,520,
148,Wolfenstein: The New Order,Да,Каталог,,,,Да,PS5,2014-07-23,Bethesda,520,
149,Risk of Rain 2: Alloyed Collective,Да,Каталог,Да,,,,XBOX,2025-11-18,2K,500,
150,PAYDAY 3: Chapter 4 - Fear & Greed,Да,Каталог,Да,Да,,,XBOX + PC,2024-09-16,Deep Silver,500,
151,PAYDAY 3: Fear & Greed Heist,Да,Каталог,Да,Да,,,XBOX + PC,2024-09-16,Starbreeze Entertainment,500,
152,PAYDAY 3: Bölüm 3 - Houston Firarda,Да,Каталог,Да,Да,,,XBOX + PC,2024-08-19,Deep Silver,500,
153,PAYDAY 3: Houston Breakout Heist,Да,Каталог,Да,Да,,,XBOX + PC,2024-08-19,Starbreeze Entertainment,500,
154,PAYDAY 3: Boys in Blue - Chapter 2,Да,Каталог,Да,Да,,,XBOX + PC,2024-06-27,Deep Silver,500,
155,PAYDAY 3: Boys in Blue Heist,Да,Каталог,Да,Да,,,XBOX + PC,2024-06-27,Starbreeze Entertainment,500,
156,PAYDAY 3: Syntax Error Heist,Да,Каталог,Да,Да,,,XBOX + PC,2023-12-12,Starbreeze Entertainment,500,
157,PAYDAY 3,Да,Каталог,Да,Да,,,XBOX + PC,2023-09-21,Starbreeze Entertainment,500,
158,PAYDAY 3: Year 1 Edition,Да,Каталог,Да,Да,,,XBOX + PC,2023-09-21,Deep Silver,500,
159,Sniper Ghost Warrior Contracts & SGW3 Unlimited Edition,Да,Каталог,Да,,Да,,XBOX | PS4,2020-04-28,CI GAMES S.A.,500,
160,Zombie Army 4: Dead War,Да,Каталог,Да,Да,Да,,XBOX + PC | PS4,2020-02-04,REBELLION INTERACTIVE,500,
161,Risk of Rain 2,Да,Каталог,Да,,,Да,XBOX | PS5,2019-08-30,Gearbox Publishing,500,
162,High On Life 2,Да,Каталог,Да,Да,,,XBOX + PC,2026-02-13,"Squanch Games, Inc.",480,
163,High On Life,Да,Каталог,Да,Да,,Да,XBOX + PC | PS5,2022-12-13,"Squanch Games, Inc.",480,
164,Back 4 Blood - 3. Eklenti: Kan Irmağı,Да,Каталог,Да,Да,,,XBOX + PC,2022-12-06,Warner Bros. Games,480,
165,DEATHLOOP,Да,Каталог,Да,Да,,,XBOX + PC,2022-09-20,Bethesda Softworks,480,
166,Back 4 Blood - 1. Eklenti: Korku Tünelleri,Да,Каталог,Да,Да,,,XBOX + PC,2022-04-12,Warner Bros. Games,480,
167,Crysis 2 Remastered,Да,Каталог,,,Да,,PS4,2021-10-15,CRYTEK,480,
168,Crysis 3 Remastered,Да,Каталог,,,Да,,PS4,2021-10-15,CRYTEK,480,
169,Back 4 Blood: Ultimate-издание PS4 & PS5,Да,Каталог,,,,Да,PS5,2021-10-07,WARNER BROS. INTERACTIVE,480,
170,Crysis Remastered,Да,Каталог,,,Да,,PS4,2020-10-09,CRYTEK,480,
171,PAYDAY 2: ВЕРСИЯ «КРИМИНАЛЬНАЯ ВОЛНА».,Да,Каталог,,,Да,,PS4,2024-09-30,505 GAMES S.R.L.,460,
172,Risk of Rain 2: Seekers of the Storm,Да,Каталог,Да,,,,XBOX,2024-08-27,Gearbox Publishing,460,
173,Risk of Rain 2: Survivors of the Void,Да,Каталог,Да,,,,XBOX,2023-11-08,Gearbox Publishing,460,
174,Sniper Ghost Warrior Contracts 2,Да,Каталог,Да,,,Да,XBOX | PS5,2021-06-04,CI GAMES S.A.,460,catalog
175,Sniper Ghost Warrior Contracts,Да,Каталог,,,Да,,PS4,2019-11-22,CI GAMES S.A.,460,
176,Risk of Rain,Да,Каталог,,,Да,,PS4,2016-04-12,GEARBOX,460,
177,Roboquest,Да,Каталог,,,,Да,PS5,2025-05-27,RyseUp Studios SAS,440,
178,The Ascent: Cyber Edition PS4 & PS5,Да,Каталог,,,,Да,PS5,2022-08-18,"KRAFTON, Inc.",440,
179,The Ascent PS4 & PS5,Да,Каталог,,,,Да,PS5,2022-03-24,"KRAFTON, Inc.",440,
180,Quake II,Да,Каталог,Да,Да,,,XBOX + PC,2023-08-10,Bethesda Softworks,420,
181,Quake,Да,Каталог,Да,Да,,,XBOX + PC,2021-08-19,Bethesda Softworks,420,
182,Quake III Arena,Да,Каталог,,Да,,,XBOX(PC),2021-08-19,Bethesda Softworks,420,
183,OUTRIDERS PS4 & PS5,Да,Каталог,,,,Да,PS5,2021-04-01,Square Enix LTD,420,
184,Terminator: Resistance,Да,Каталог,,,Да,,PS4,2019-11-15,Reef Entertainment,420,
185,Isonzo,Да,Каталог,,,,Да,PS5,2022-09-20,BlackMill Games B.V.,400,
186,Isonzo - First Wave Edition,Да,Каталог,,,,Да,PS5,2022-09-20,BlackMill Games B.V.,400,
187,Trepang2,Да,Каталог,Да,Да,,,XBOX + PC,2023-10-01,Team17,380,
188,Serious Sam 4,Да,Каталог,Да,Да,,,XBOX + PC,2021-12-07,Devolver Digital,380,
189,Verdun,Да,Каталог,,,,Да,PS5,2021-06-15,BlackMill Games B.V.,380,
190,RAGE 2,Да,Каталог,,,Да,,PS4,2019-05-13,Bethesda,380,
191,Shadow Warrior 2,Да,Каталог,,,Да,,PS4,2017-05-19,Devolver Digital,380,
192,Shadow Warrior,Да,Каталог,,,Да,,PS4,2014-10-22,Devolver Digital,380,
193,Bulletstorm: Full Clip Edition Duke Nukem Bundle,Да,Каталог,,,Да,,PS4,2017-04-07,GEARBOX,360,
194,Turok 2: Seeds Of Evil,Да,Каталог,,,,Да,PS5,2025-10-31,NIGHT DIVE STUDIOS,340,
195,Turok,Да,Каталог,,,,Да,PS5,2025-02-28,Atari Inc.,340,
196,Redfall,Да,Каталог,Да,Да,,,XBOX + PC,2023-05-02,Bethesda Softworks,340,
197,Postal: Brain Damaged,Да,Каталог,,,,Да,PS5,2023-10-25,Running With Scissors Studios LLC,320,
198,POSTAL 4: No Regerts,Да,Каталог,,,Да,,PS4,2023-03-21,Running With Scissors Studios LLC,320,
199,POSTAL Redux,Да,Каталог,,,Да,,PS4,2021-04-09,MD GAMES SA,320,
200,Grand Theft Auto VI,,Предзаказ,Да,,,Да,XBOX | PS5,2026-11-19,Rockstar Games,2620,
201,Crimson Desert,,Новинка,Да,Да,,Да,XBOX + PC | PS5,2026-03-19,Pearl Abyss,1070,official
202,Forza Horizon 6 Standard Edition,,Новинка,Да,Да,,Да,XBOX + PC | PS5,2026-05-20,Xbox Game Studios,1055,official
203,007 First Light - Standard Edition,,Новинка,Да,Да,,Да,XBOX + PC | PS5,2026-05-27,IO Interactive A/S,1050,official
204,MLB The Show 26 Standard Edition,,Новинка,Да,,,Да,XBOX | PS5,2026-03-17,MLB,1040,official
205,MLB The Show 26 Lightning Bundle,,Новинка,Да,,,Да,XBOX | PS5,2026-03-12,MLB,1040,official
206,Minecraft Dungeons II,,Предзаказ,Да,Да,Да,Да,XBOX + PC | PS4/PS5,2026-09-29,Xbox Game Studios,1030,official
207,Resident Evil Requiem,,Каталог,Да,Да,,Да,XBOX + PC | PS5,2026-02-26,"CAPCOM CO., LTD.",1030,official
208,NBA 2K26 SLAM Edition,,Новинка,Да,Да,Да,Да,XBOX + PC | PS4/PS5,2025-10-27,2K,1030,official
209,NBA 2K26 Standard Edition,,Новинка,Да,Да,Да,Да,XBOX + PC | PS4/PS5,2025-09-04,2K,1030,official
210,NBA 2K26 Superstar Edition,,Новинка,Да,Да,Да,Да,XBOX + PC | PS4/PS5,2025-09-04,2K,1030,official
211,EA SPORTS FC 26 Dünyanın Oyunu Sürümü Xbox One ve Xbox Series X|S,,Новинка,Да,,Да,Да,XBOX | PS4/PS5,2026-06-04,Electronic Arts,1020,official
212,WWE 2K26 Standard Edition,,Новинка,Да,,Да,Да,XBOX | PS4/PS5,2026-03-12,2K,1020,official
213,LEGO Batman: Legacy of the Dark Knight,,Новинка,Да,,,,XBOX,2026-05-21,Warner Bros. Games,1000,
214,Grand Theft Auto V,,Каталог,Да,Да,Да,Да,XBOX + PC | PS4/PS5,2014-11-18,Rockstar Games,1000,
215,WWE 2K26 Attitude Era Edition,,Новинка,Да,,Да,Да,XBOX | PS4/PS5,2026-03-12,2K,980,official
216,WWE 2K26 King of Kings Edition,,Новинка,Да,,Да,Да,XBOX | PS4/PS5,2026-03-12,2K,980,official
217,WWE 2K26 Monday Night War Edition,,Новинка,Да,,Да,Да,XBOX | PS4/PS5,2026-03-12,2K,980,official
218,Издание NBA 2K26 SLAM Edition,,Каталог,Да,,Да,Да,XBOX | PS4/PS5,2025-10-27,Take-Two,970,official
219,NBA 2K26 для PS5,,Каталог,Да,,Да,Да,XBOX | PS4/PS5,2025-09-05,Take-Two,970,official
220,Издание NBA 2K26 Superstar Edition,,Каталог,Да,,Да,Да,XBOX | PS4/PS5,2025-08-29,Take-Two,970,official
221,UFC 6,,Предзаказ,Да,,,,XBOX,2026-06-19,Electronic Arts,960,
222,EA SPORTS FC 26 Standart Sürüm Xbox One ve Xbox Series X|S,,Каталог,Да,,Да,Да,XBOX | PS4/PS5,2025-09-25,Electronic Arts,960,official
223,Grand Theft Auto V (PS4 и PS5),,Каталог,Да,Да,Да,Да,XBOX + PC | PS4/PS5,2022-06-16,Rockstar Games,960,official
224,Grand Theft Auto V: Hikaye Modu (Xbox Series X|S),,Каталог,Да,Да,Да,Да,XBOX + PC | PS4/PS5,2022-03-14,Rockstar Games,960,official
225,Red Dead Redemption 2,,Каталог,Да,,Да,,XBOX | PS4,2018-10-26,Rockstar Games,940,
226,Monster Hunter Wilds,,Каталог,Да,Да,,Да,XBOX + PC | PS5,2025-02-27,"CAPCOM CO., LTD.",935,official
227,Grand Theft Auto Online,,Каталог,Да,,,Да,XBOX | PS5,2022-03-14,Rockstar Games,930,
228,Fable Standart Sürümü,,Предзаказ,Да,Да,,,XBOX + PC,2027-02-23,Xbox Game Studios,920,
229,Fable Premium Sürümü,,Предзаказ,Да,Да,,,XBOX + PC,2027-02-18,Xbox Game Studios,920,
230,Издание WWE 2K26 Attitude Era Edition,,Каталог,Да,,Да,Да,XBOX | PS4/PS5,2026-03-06,Take-Two,920,official
231,Издание WWE 2K26 King of Kings Edition,,Каталог,Да,,Да,Да,XBOX | PS4/PS5,2026-03-06,Take-Two,920,official
232,Издание WWE 2K26 Monday Night War Edition,,Каталог,Да,,Да,Да,XBOX | PS4/PS5,2026-03-06,Take-Two,920,official
233,EA SPORTS Madden NFL 26,,Каталог,Да,,,Да,XBOX | PS5,2025-08-14,Electronic Arts,910,official
234,Minecraft: Süpermen,,Каталог,Да,Да,Да,Да,XBOX + PC | PS4/PS5,2025-08-08,Microsoft Studios,910,official
235,Minecraft: Şirinler,,Каталог,Да,Да,Да,Да,XBOX + PC | PS4/PS5,2025-07-22,Microsoft Studios,910,official
236,Minecraft: Ejderhanı Nasıl Eğitirsin,,Каталог,Да,Да,Да,Да,XBOX + PC | PS4/PS5,2025-05-29,Microsoft Studios,910,official
237,Minecraft - Zindanlar ve Ejderhalar: Yeni Macera,,Каталог,Да,Да,Да,Да,XBOX + PC | PS4/PS5,2025-02-20,Microsoft Studios,910,official
238,Dune: Awakening,,Предзаказ,Да,Да,,Да,XBOX + PC | PS5,2026-09-17,Funcom Oslo AS,900,
239,Red Dead Redemption ve Red Dead Redemption 2 Birlikte,,Каталог,Да,,Да,,XBOX | PS4,2023-08-17,Rockstar Games,900,official
240,Red Dead Redemption 2: Hikaye Modu,,Каталог,Да,,Да,,XBOX | PS4,2020-12-01,Rockstar Games,900,official
241,LEGO Batman: The Videogame,,Каталог,,,,Да,PS5,2015-07-16,WARNER BROS. INTERACTIVE,900,
242,LEGO BATMAN 3: BEYOND GOTHAM ЭКСКЛЮЗИВНОЕ ИЗДАНИЕ,,Каталог,,,Да,,PS4,2014-11-19,WARNER BROS. INTERACTIVE,900,
243,LEGO Batman 3: Покидая Готэм,,Каталог,,,Да,,PS4,2014-11-14,WARNER BROS. INTERACTIVE,900,
244,EA SPORTS College Football 26,,Каталог,Да,,,,XBOX,2025-07-10,Electronic Arts,895,
245,Red Dead Redemption,,Каталог,Да,Да,,,XBOX + PC,2025-12-02,Rockstar Games,890,
246,The Elder Scrolls IV: Oblivion Remastered,,Каталог,Да,Да,,Да,XBOX + PC | PS5,2025-04-22,Bethesda Softworks,890,official
247,Сборник «Grand Theft Auto: коллекция,,Каталог,,,,Да,PS5,2016-04-20,Rockstar Games,890,
248,ELDEN RING NIGHTREIGN The Forsaken Hollows,,Каталог,Да,Да,Да,Да,XBOX + PC | PS4/PS5,2025-12-04,Bandai Namco Entertainment Inc.,870,official
249,ELDEN RING NIGHTREIGN,,Каталог,Да,Да,Да,Да,XBOX + PC | PS4/PS5,2025-05-29,Bandai Namco Entertainment Inc.,870,catalog + official
250,Minecraft Legends,,Каталог,Да,Да,Да,Да,XBOX + PC | PS4/PS5,2023-04-18,Xbox Game Studios,870,official
251,Minecraft SpongeBob SquarePants,,Каталог,Да,Да,Да,Да,XBOX + PC | PS4/PS5,2022-06-30,Microsoft Studios,870,official
252,Minecraft: Java & Bedrock Edition for PC,,Каталог,Да,Да,Да,Да,XBOX + PC | PS4/PS5,2022-06-06,Microsoft Studios,870,official
253,Minecraft Dungeons: Echoing Void,,Каталог,Да,Да,Да,Да,XBOX + PC | PS4/PS5,2021-07-28,Xbox Game Studios,870,official
254,Minecraft Minions,,Каталог,Да,Да,Да,Да,XBOX + PC | PS4/PS5,2021-06-30,Microsoft Studios,870,official
255,Minecraft STAR WARS Mash-up,,Каталог,Да,Да,Да,Да,XBOX + PC | PS4/PS5,2020-10-22,Microsoft Studios,870,official
256,Minecraft Dungeons: Creeping Winter,,Каталог,Да,Да,Да,Да,XBOX + PC | PS4/PS5,2020-09-08,Xbox Game Studios,870,official
257,Minecraft Dungeons: Creeping Winter for Windows,,Каталог,Да,Да,Да,Да,XBOX + PC | PS4/PS5,2020-09-08,Xbox Game Studios,870,official
258,Minecraft Dungeons: Jungle Awakens,,Каталог,Да,Да,Да,Да,XBOX + PC | PS4/PS5,2020-07-01,Xbox Game Studios,870,official
259,Minecraft Dungeons,,Каталог,Да,Да,Да,Да,XBOX + PC | PS4/PS5,2020-05-26,Xbox Game Studios,870,official
260,Minecraft,,Каталог,Да,Да,Да,Да,XBOX + PC | PS4/PS5,2017-09-20,Microsoft Studios,870,catalog + official
261,Minecraft: PlayStationVita Edition,,Каталог,Да,Да,Да,Да,XBOX + PC | PS4/PS5,2014-10-15,Mojang AB,870,official
262,Dune: Awakening - Полное издание,,Предзаказ,,,,Да,PS5,2026-09-17,Funcom Oslo AS,860,
263,Diablo IV: Nefret Çağı Koleksiyonu,,Новинка,Да,Да,Да,Да,XBOX + PC | PS4/PS5,2026-04-28,Blizzard Entertainment,860,official
264,Diablo IV:Lord of Hatred - Standard Edition,,Новинка,Да,Да,Да,Да,XBOX + PC | PS4/PS5,2026-04-28,Blizzard Entertainment,860,official
265,Assassin's Creed Shadows Seçkin Sürüm,,Каталог,Да,,,Да,XBOX | PS5,2025-09-16,Ubisoft,860,official
266,Claws of Awaji - Assassin's Creed Shadows,,Каталог,Да,,,Да,XBOX | PS5,2025-09-16,Ubisoft,860,official
267,Hollow Knight: Silksong,,Каталог,Да,Да,,Да,XBOX + PC | PS5,2025-09-04,Team Cherry,860,
268,Assassin's Creed Shadows,,Каталог,Да,Да,,Да,XBOX + PC | PS5,2025-03-20,Ubisoft,860,catalog
269,ELDEN RING,,Каталог,Да,,Да,Да,XBOX | PS4/PS5,2022-02-25,BANDAI NAMCO Entertainment,860,official
270,Clair Obscur: Expedition 33,,Каталог,Да,Да,,Да,XBOX + PC | PS5,2025-04-24,Kepler Interactive,850,official
271,GTA Online: Bull Shark Cash Kartı (Xbox Series X|S),,Каталог,Да,,,,XBOX,2022-03-14,Rockstar Games,850,
272,GTA Online: Great White Shark Cash Kartı (Xbox Series X|S),,Каталог,Да,,,,XBOX,2022-03-14,Rockstar Games,850,
273,GTA Online: Megalodon Shark Cash Kartı (Xbox Series X|S),,Каталог,Да,,,,XBOX,2022-03-14,Rockstar Games,850,
274,GTA Online: Tiger Shark Cash Kartı (Xbox Series X|S),,Каталог,Да,,,,XBOX,2022-03-14,Rockstar Games,850,
275,GTA Online: Whale Shark Cash Kartı (Xbox Series X|S),,Каталог,Да,,,,XBOX,2022-03-14,Rockstar Games,850,
276,GTA: Liberty City Stories,,Каталог,,,,Да,PS5,2016-04-19,Rockstar Games,850,
277,Assassin's Creed Black Flag Resynced,,Предзаказ,Да,,,Да,XBOX | PS5,2026-07-08,Ubisoft,840,
278,Running Fable Petite Party,,Каталог,Да,,Да,,XBOX | PS4,2026-01-29,Seashell Studio,840,
279,Kingdom Come: Deliverance II Brushes with Death,,Каталог,Да,Да,,Да,XBOX + PC | PS5,2025-05-15,Deep Silver,840,official
280,Kingdom Come: Deliverance II The Lion’s Crest,,Каталог,Да,Да,,Да,XBOX + PC | PS5,2025-03-28,Deep Silver,840,official
281,Kingdom Come: Deliverance II,,Каталог,Да,Да,,Да,XBOX + PC | PS5,2025-02-04,Deep Silver,840,official
282,Kingdom Come: Deliverance II - Royal Edition,,Каталог,Да,Да,,Да,XBOX + PC | PS5,2025-02-04,Deep Silver,840,official
283,Forza Horizon 5 Ralli Macerası,,Каталог,Да,Да,,Да,XBOX + PC | PS5,2023-03-29,Xbox Game Studios,840,official
284,Forza Horizon 5 Standard Edition,,Каталог,Да,Да,,Да,XBOX + PC | PS5,2021-11-04,Xbox Game Studios,840,official
285,Split Fiction,,Каталог,Да,,,Да,XBOX | PS5,2025-03-06,Electronic Arts,830,official
286,Kingdom Come: Deliverance,,Каталог,,,,Да,PS5,2026-02-13,Deep Silver,820,
287,Kingdom Come: Deliverance - Saga Bundle,,Каталог,,,,Да,PS5,2025-11-11,Deep Silver,820,
288,Kingdom Come: Deliverance – Saga Bundle,,Каталог,Да,,,,XBOX,2025-11-11,Deep Silver,820,
289,Airplane Flight Simulator : Combat Zone,,Новинка,Да,Да,,Да,XBOX + PC | PS5,2025-07-24,Ovilex Soft SRL,820,
290,Airplane Flight Simulator : EVO,,Новинка,Да,Да,,Да,XBOX + PC | PS5,2025-05-10,SC OVILEX SOFT SRL,820,
291,ELDEN RING Shadow of the Erdtree,,Каталог,Да,,Да,Да,XBOX | PS4/PS5,2024-06-21,BANDAI NAMCO Entertainment,820,catalog + official
292,Kingdom Come: Deliverance - Royal Edition,,Каталог,,Да,Да,,XBOX(PC) | PS4,2019-06-11,Deep Silver,820,
293,Cyberpunk 2077: Phantom Liberty,,Каталог,Да,,Да,Да,XBOX | PS4/PS5,2023-09-25,CD PROJEKT RED,810,official
294,EA SPORTS Madden NFL 27 Standart Sürüm,,Предзаказ,Да,,,,XBOX,2026-08-13,Electronic Arts,800,
295,F1 25: 2026 Sezon Sürümü,,Новинка,Да,,,,XBOX,2026-06-03,Electronic Arts,800,
296,Dying Light: The Beast - Action Hero Essentials,,Новинка,Да,,Да,Да,XBOX | PS4/PS5,2026-03-26,Techland,800,official
297,Monster Hunter Stories 3: Twisted Reflection,,Новинка,Да,,,,XBOX,2026-03-12,"CAPCOM Co., Ltd.",800,
298,MLB The Show 25 Standard Edition,,Каталог,Да,,,,XBOX,2025-03-18,MLB,800,
299,Baldur's Gate 3,,Каталог,Да,,,Да,XBOX | PS5,2023-12-08,Larian Studios,800,official
300,The Snow Fable: Mystery of the Flame,,Каталог,Да,,Да,,XBOX | PS4,2023-07-21,ChiliDog Interactive,800,
301,Hogwarts Legacy,,Каталог,Да,Да,Да,Да,XBOX + PC | PS4/PS5,2023-02-09,Warner Bros. Games,800,official
302,Kitaria Fables,,Каталог,Да,,Да,,XBOX | PS4,2021-09-01,PQube Limited,800,
303,Hollow Knight Voidheart Edition,,Каталог,Да,Да,,Да,XBOX + PC | PS5,2018-09-25,Team Cherry,800,
304,Resident Evil 4,,Каталог,Да,,Да,Да,XBOX | PS4/PS5,2016-08-30,CE EUROPE LIMITED,800,
305,theHunter: Call of the Wild - Peru Hunting Reserve,,Предзаказ,Да,Да,,,XBOX + PC,2026-06-16,Avalanche Studios,780,
306,Street Fighter 6 - 4. Yıl Karakter Bileti,,Новинка,Да,,Да,Да,XBOX | PS4/PS5,2026-06-05,"CAPCOM CO., LTD.",780,official
307,Street Fighter 6 - 4. Yıl Nihai Bilet,,Новинка,Да,,Да,Да,XBOX | PS4/PS5,2026-06-05,"CAPCOM CO., LTD.",780,official
308,FINAL FANTASY VII REBIRTH,,Новинка,Да,Да,,,XBOX + PC,2026-06-03,SQUARE ENIX,780,
309,WW1 Flight Simulator,,Новинка,Да,Да,,,XBOX + PC,2026-06-03,Game Hub LLC,780,
310,WW2 Flight Simulator - Multiplayer 1V1,,Новинка,Да,Да,,,XBOX + PC,2026-06-03,Intro Time Studio,780,
311,TEKKEN 8 - Kunimitsu,,Новинка,Да,,,Да,XBOX | PS5,2026-06-01,Bandai Namco Entertainment Inc.,780,official
312,WWE 2K25 Farewell Tour Edition,,Каталог,Да,,,Да,XBOX | PS5,2025-10-16,2K,780,
313,Mortal Kombat 1: Son Sürüm,,Каталог,Да,Да,,Да,XBOX + PC | PS5,2025-05-14,Warner Bros. Games,780,official
314,WWE 2K25 Standard Edition,,Каталог,Да,,,Да,XBOX | PS5,2025-03-13,2K,780,
315,WWE 2K25 Deadman Edition,,Каталог,Да,,,Да,XBOX | PS5,2025-03-07,2K,780,
316,WWE 2K25 The Bloodline Edition,,Каталог,Да,,,Да,XBOX | PS5,2025-03-07,2K,780,
317,EA SPORTS FC 25 Standart Sürüm Xbox One ve Xbox Series X|S,,Каталог,Да,,,,XBOX,2024-09-26,Electronic Arts,780,
318,God of War,,Каталог,,,Да,,PS4,2019-10-04,Sony Interactive Entertainment,780,
319,God of War III Обновленная версия,,Каталог,,,Да,,PS4,2015-07-15,Sony Interactive Entertainment,780,
320,Phasmophobia (Oyun ön izleme),,Предзаказ,Да,,,,XBOX,9998-12-30,Kinetic Games,760,
321,Monopoly: Star Wars Heroes vs. Villains,,Предзаказ,Да,,,Да,XBOX | PS5,2026-06-29,Ubisoft,760,
322,Easy Flight Simulator 2,,Каталог,Да,Да,Да,,XBOX + PC | PS4,2025-10-24,Pix Arts,760,
323,SILENT HILL f,,Каталог,Да,Да,,Да,XBOX + PC | PS5,2025-09-24,KONAMI,760,official
324,Black Myth: Wukong,,Каталог,Да,,,Да,XBOX | PS5,2025-08-20,Game Science,760,official
325,Street Fighter 6 Years 1-2 Fighters Edition,,Каталог,Да,,Да,Да,XBOX | PS4/PS5,2025-06-04,CE EUROPE LIMITED,760,official
326,NBA 2K25 Tournament Edition,,Каталог,Да,,,Да,XBOX | PS5,2024-10-28,2K,760,
327,NBA 2K25 All-Star Edition,,Каталог,Да,,,Да,XBOX | PS5,2024-09-04,2K,760,
328,NBA 2K25 Standard Edition,,Каталог,Да,,,Да,XBOX | PS5,2024-09-04,2K,760,
329,Diablo IV - Standard Edition,,Каталог,Да,Да,Да,Да,XBOX + PC | PS4/PS5,2024-06-09,Blizzard Entertainment,760,official
330,Resident Evil 4 - Separate Ways,,Каталог,Да,,,,XBOX,2023-09-21,"©CAPCOM CO., LTD.",760,
331,Diablo IV - 1000 Platin,,Каталог,Да,Да,Да,Да,XBOX + PC | PS4/PS5,2023-06-01,Blizzard Entertainment,760,official
332,Diablo IV - 500 Platin,,Каталог,Да,Да,Да,Да,XBOX + PC | PS4/PS5,2023-06-01,Blizzard Entertainment,760,official
333,"Resident Evil 4 Leon Kıyafeti ve Filtresi: ""Kahraman""",,Каталог,Да,,,,XBOX,2023-03-23,"CAPCOM CO., LTD.",760,
334,Endless Fables: Shadow Within,,Каталог,,,,Да,PS5,2021-09-03,ARTIFEX MUNDI S.A.,760,
335,Endless Fables: Dark Moor,,Каталог,,,Да,,PS4,2020-06-16,ARTIFEX MUNDI S.A.,760,
336,Bug Fables: The Everlasting Sapling,,Каталог,,,Да,,PS4,2020-05-28,DANGEN ENTERTAINMENT,760,
337,The Last of Us,,Каталог,,,,Да,PS5,2019-06-05,Sony Interactive Entertainment,760,
338,Eventide: Slavic Fable,,Каталог,,,Да,,PS4,2017-04-25,ARTIFEX MUNDI S.A.,760,
339,Dead by Daylight: Stranger Things 2. Bölüm,,Каталог,Да,,,,XBOX,2026-01-27,Behaviour Interactive Inc.,740,
340,Mortal Kombat: Legacy Kollection,,Каталог,Да,,,Да,XBOX | PS5,2025-10-29,Digital Eclipse Entertainment Partners Co.,740,
341,Dead by Daylight: Sinister Grace,,Каталог,Да,Да,,,XBOX + PC,2025-09-23,Behaviour Interactive Inc.,740,
342,Dying Light: The Beast,,Каталог,Да,,Да,Да,XBOX | PS4/PS5,2025-09-18,Techland,740,official
343,Dead by Daylight: The Walking Dead,,Каталог,Да,Да,,,XBOX + PC,2025-07-29,Behaviour Interactive Inc.,740,
344,Dying Light - Essentials Edition,,Каталог,,,Да,,PS4,2025-07-05,WARNER BROS. INTERACTIVE,740,
345,Dying Light Essentials Edition,,Каталог,Да,,,,XBOX,2025-07-05,Techland,740,
346,Dead by Daylight: Five Nights at Freddy's,,Каталог,Да,,,,XBOX,2025-06-17,Behaviour Interactive Inc.,740,
347,F1 25,,Каталог,Да,,,,XBOX,2025-05-30,Electronic Arts,740,
348,Dead by Daylight: Steady Pulse,,Каталог,Да,,,,XBOX,2025-05-06,Behaviour Interactive Inc.,740,
349,Dead by Daylight: Tokyo Ghoul,,Каталог,Да,,,,XBOX,2025-04-02,Behaviour Interactive Inc.,740,
350,Dead by Daylight: Tokyo Ghoul sürümünde,,Каталог,Да,Да,,,XBOX + PC,2025-04-02,Behaviour Interactive Inc.,740,
351,WWE 2K25 MyRISE Güçlendirmesi,,Каталог,Да,,,,XBOX,2025-03-06,2K,740,
352,WWE 2K25 SuperCharger,,Каталог,Да,,,,XBOX,2025-03-06,2K,740,
353,Dying Light 2 Stay Human: Digital Extras Edition,,Каталог,Да,,,Да,XBOX | PS5,2024-09-28,TECHLAND,740,
354,Mortal Kombat 1: Khaos Reigns Genişlemesi,,Каталог,Да,Да,,Да,XBOX + PC | PS5,2024-09-24,Warner Bros. Games,740,official
355,UFC 5 - UFC Legends Bundle,,Каталог,Да,,,,XBOX,2024-07-31,Electronic Arts,740,
356,UFC 5 - Alter Egos: PRIDE Bundle,,Каталог,Да,,,,XBOX,2024-06-25,Electronic Arts,740,
357,UFC 5 - Alter Egos: Prime Bundle,,Каталог,Да,,,,XBOX,2024-06-25,Electronic Arts,740,
358,UFC 5,,Каталог,Да,,,,XBOX,2023-10-23,Electronic Arts,740,
359,UFC 5 - All Fighter Bundle,,Каталог,Да,,,,XBOX,2023-10-23,Electronic Arts,740,
360,UFC 5 - Bruce Lee Bundle,,Каталог,Да,,,,XBOX,2023-10-23,Electronic Arts,740,
361,UFC 5 - Champion Origins Bundle,,Каталог,Да,,,,XBOX,2023-10-23,Electronic Arts,740,
362,UFC 5 - Fedor Emelianenko,,Каталог,Да,,,,XBOX,2023-10-23,Electronic Arts,740,
363,UFC 5 - Heavyweight Icons Bundle,,Каталог,Да,,,,XBOX,2023-10-23,Electronic Arts,740,
364,UFC 5 - Mike Tyson,,Каталог,Да,,,,XBOX,2023-10-23,Electronic Arts,740,
365,UFC 5 - Muhammad Ali,,Каталог,Да,,,,XBOX,2023-10-23,Electronic Arts,740,
366,UFC 5 - Welcome Bundle,,Каталог,Да,,,,XBOX,2023-10-23,Electronic Arts,740,
367,Mortal Kombat 1,,Каталог,Да,Да,,Да,XBOX + PC | PS5,2023-09-18,Warner Bros. Games,740,official
368,Baldur's Gate: Dark Alliance II,,Каталог,Да,,Да,,XBOX | PS4,2022-07-20,INTERPLAY ENTERTAINMENT,740,
369,Baldur's Gate: Dark Alliance,,Каталог,Да,,Да,,XBOX | PS4,2021-05-07,Interplay Entertainment Corp.,740,
370,Resident Evil Village,,Каталог,Да,Да,,Да,XBOX + PC | PS5,2021-05-07,"CAPCOM CO., LTD.",740,
371,Mortal Kombat 11,,Каталог,Да,,,Да,XBOX | PS5,2020-11-17,WARNER BROS. INTERACTIVE,740,catalog
372,Dead by Daylight Windows,,Каталог,,Да,,Да,XBOX(PC) | PS5,2019-10-31,Behaviour Interactive Inc.,740,
373,Baldur's Gate and Baldur's Gate II: Enhanced Editions,,Каталог,Да,Да,Да,,XBOX + PC | PS4,2019-10-15,Beamdog,740,
374,REMATCH - PRO EDITION,,Каталог,Да,,,Да,XBOX | PS5,2025-06-16,SLOCLAP S.A.S,730,catalog
375,It Takes Two PS4 и PS5,,Каталог,,,,Да,PS5,2021-03-26,EA Swiss Sarl,730,
376,It Takes Two - Dijital Versiyon,,Каталог,Да,,,,XBOX,2021-03-25,Electronic Arts,730,
377,STAR WARS: Galactic Racer,,Предзаказ,,,,Да,PS5,2026-10-06,Secret Mode Limited,720,
378,STAR WARS Zero Company,,Предзаказ,Да,,,,XBOX,2026-08-27,Electronic Arts,720,
379,EA SPORTS College Football 27,,Предзаказ,Да,,,,XBOX,2026-07-09,Electronic Arts,720,
380,Diablo II: Resurrected - Infernal Edition,,Каталог,Да,,,,XBOX,2026-02-11,Blizzard Entertainment,720,
381,Diablo II: Resurrected - Reign of the Warlock,,Каталог,Да,,,,XBOX,2026-02-11,Blizzard Entertainment,720,
382,WW2 Flight Simulator,,Каталог,Да,Да,,,XBOX + PC,2026-02-02,Sim Games,720,
383,FINAL FANTASY VII REMAKE INTERGRADE,,Каталог,Да,Да,,Да,XBOX + PC | PS5,2026-01-22,SQUARE ENIX,720,catalog
384,TEKKEN 8 - Miary Zo,,Каталог,Да,,,Да,XBOX | PS5,2025-12-04,Bandai Namco Entertainment Inc.,720,official
385,SILENT HILL 2,,Каталог,Да,Да,,,XBOX + PC,2025-11-20,KONAMI,720,
386,TEKKEN 8 - Armor King,,Каталог,Да,,,Да,XBOX | PS5,2025-10-16,Bandai Namco Entertainment Inc.,720,official
387,Sid Meier's Civilization VII Settler's Edition,,Каталог,Да,,,Да,XBOX | PS5,2025-09-23,2K,720,
388,Indiana Jones and the Great Circle: The Order of Giants,,Каталог,Да,Да,,Да,XBOX + PC | PS5,2025-09-04,Bethesda Softworks,720,official
389,Resident Evil 3 Nemesis,,Каталог,,,,Да,PS5,2025-08-19,CAPCOM,720,
390,Airplane Flight Simulator : EVO & Airplane Flight Simulator : Combat Zone Bundle,,Каталог,,,,Да,PS5,2025-08-15,SC OVILEX SOFT SRL,720,
391,TEKKEN 8 - Fahkumram,,Каталог,Да,,,Да,XBOX | PS5,2025-07-10,Bandai Namco Entertainment Inc.,720,official
392,TEKKEN 8 - Anna Williams,,Каталог,Да,,,Да,XBOX | PS5,2025-04-03,Bandai Namco Entertainment Inc.,720,official
393,TEKKEN 8 - Advanced Edition,,Каталог,Да,,,Да,XBOX | PS5,2025-03-31,Bandai Namco Entertainment Inc.,720,official
394,TEKKEN 8,,Каталог,Да,,,Да,XBOX | PS5,2024-01-25,BANDAI NAMCO ENTERTAINMENT EUROPE,720,
395,Street Fighter 6,,Каталог,Да,,Да,Да,XBOX | PS4/PS5,2023-06-02,"CAPCOM CO., LTD.",720,official
396,CRISIS CORE –FINAL FANTASY VII– REUNION,,Каталог,Да,,,Да,XBOX | PS5,2022-12-12,SQUARE ENIX,720,
397,Fallout 76: Deathclaw Pet Bundle,,Новинка,Да,Да,,,XBOX + PC,2026-06-02,Bethesda Softworks,700,
398,F1 Car VS Truck Drivers,,Новинка,Да,Да,,,XBOX + PC,2026-05-22,Nova Laboratory,700,
399,Formula One Simulator 2 - F1 Race Multiplayer,,Новинка,Да,Да,,,XBOX + PC,2026-04-30,Games.io,700,
400,TEKKEN DARK RESURRECTION PS4 & PS5,,Новинка,,,,Да,PS5,2026-03-17,Bandai Namco Entertainment America Inc.,700,
401,Uncharted SchoolBoy Hacker,,Каталог,,,Да,,PS4,2026-02-26,"""Oriplay"" S.R.L.",700,
402,DRAGON BALL Z: KAKAROT DAIMA EDITION,,Каталог,Да,,,Да,XBOX | PS5,2025-07-16,BANDAI NAMCO ENTERTAINMENT EUROPE,700,
403,STAR WARS Jedi Cross-Gen Bundle Edition,,Каталог,Да,,,,XBOX,2024-09-17,Electronic Arts,700,
404,Dead by Daylight: Castlevania,,Каталог,Да,Да,,,XBOX + PC,2024-08-27,Behaviour Interactive Inc.,700,
405,Dead by Daylight: Tomb Raider,,Каталог,Да,Да,,,XBOX + PC,2024-07-16,Behaviour Interactive Inc.,700,
406,Dead by Daylight: Dungeons & Dragons,,Каталог,Да,,,,XBOX,2024-06-03,Behaviour Interactive Inc.,700,
407,Dead by Daylight: Alan Wake Bölümü,,Каталог,Да,Да,,,XBOX + PC,2024-01-30,Behaviour Interactive Inc.,700,
408,Dead by Daylight: Chucky Bölümü,,Каталог,Да,,,,XBOX,2023-11-28,Behaviour Interactive Inc.,700,
409,Dead by Daylight: End Transmission Bölümü,,Каталог,Да,,,,XBOX,2023-06-13,Behaviour Interactive Inc.,700,
410,STAR WARS Jedi: Survivor,,Каталог,Да,,,,XBOX,2023-04-28,Electronic Arts,700,
411,Dead by Daylight: Resident Evil: PROJECT W Bölümü,,Каталог,Да,Да,,,XBOX + PC,2022-08-30,Behaviour Interactive Inc.,700,
412,Dead by Daylight: Sadako Rising Bölümü,,Каталог,Да,,,,XBOX,2022-03-08,Behaviour Interactive Inc.,700,
413,Dying Light 2 Stay Human PS4&PS5,,Каталог,,,,Да,PS5,2022-02-04,TECHLAND,700,
414,Dead by Daylight: Resident Evil Bölümü,,Каталог,Да,Да,,,XBOX + PC,2021-06-15,Behaviour Interactive Inc.,700,
415,Dead by Daylight: A Nightmare on Elm Street Chapter Windows,,Каталог,,Да,,,XBOX(PC),2020-12-01,Behaviour Interactive Inc.,700,
416,Dead by Daylight: Silent Hill Bölümü,,Каталог,Да,,,,XBOX,2020-06-16,Behaviour Interactive Inc.,700,
417,Dead by Daylight: Ash vs Evil Dead Windows,,Каталог,,Да,,,XBOX(PC),2019-10-31,Behaviour Digital Inc.,700,
418,Dead by Daylight: STRANGER THINGS Chapter,,Каталог,Да,,,,XBOX,2019-09-17,Behaviour Interactive Inc.,700,
419,Dead by Daylight: Ghost Face,,Каталог,Да,,,,XBOX,2019-06-18,Behaviour Digital Inc.,700,
420,NBA 2KVR Experience,,Каталог,,,Да,,PS4,2017-01-24,2K,700,
421,Onimusha: Way of the Sword,,Предзаказ,Да,Да,,Да,XBOX + PC | PS5,2026-09-24,CAPCOM,680,
422,Resonance: A Plague Tale Legacy,,Предзаказ,,,,Да,PS5,2026-08-27,Focus Entertainment,680,
423,Tony Hawk's Pro Skater 1 - 4 - Standart Sürüm Paketi,,Каталог,Да,Да,,,XBOX + PC,2025-11-19,Activision Publishing Inc.,680,
424,Fallout 4: Creations Bundle,,Каталог,Да,Да,,,XBOX + PC,2025-11-10,Bethesda Softworks,680,
425,UFC Simulator MMA Championship,,Каталог,Да,Да,,,XBOX + PC,2025-10-23,Games.io,680,
426,NHL 26 Standard Edition Xbox Series X|S,,Каталог,Да,,,,XBOX,2025-09-12,Electronic Arts,680,
427,Assassin's Creed Odyssey,,Каталог,,Да,,,XBOX(PC),2025-05-06,Ubisoft,680,
428,Assassin's Creed Origins,,Каталог,,Да,,,XBOX(PC),2025-05-06,Ubisoft,680,
429,Alone in the Dark 2 (1996),,Каталог,,,,Да,PS5,2025-04-15,THQ NORDIC GMBH,680,
430,Sid Meier’s Civilization VII,,Каталог,Да,,,,XBOX,2025-02-10,2K,680,
431,TEKKEN 8 - Clive Rosfield (FINAL FANTASY series),,Каталог,Да,,,Да,XBOX | PS5,2024-12-19,Bandai Namco Entertainment Inc.,680,official
432,TEKKEN 8 - Collaboration Set Clive Rosfield & PHOENIX GATE (FINAL FANTASY series),,Каталог,Да,,,Да,XBOX | PS5,2024-12-19,Bandai Namco Entertainment Inc.,680,official
433,Indiana Jones and the Great Circle,,Каталог,Да,Да,,Да,XBOX + PC | PS5,2024-12-09,Bethesda Softworks,680,official
434,Resident Evil Director’s Cut,,Каталог,,,,Да,PS5,2024-11-26,CE EUROPE LIMITED,680,
435,Microsoft Flight Simulator 2024 - Aviator Edition,,Каталог,Да,Да,,,XBOX + PC,2024-11-19,Xbox Game Studios,680,
436,Microsoft Flight Simulator 2024 - Standard Edition,,Каталог,Да,Да,,,XBOX + PC,2024-11-19,Xbox Game Studios,680,
437,Pro Flight Simulator,,Каталог,,,Да,,PS4,2024-11-01,Benoit Varasse trading as Pix Arts,680,
438,Helicopter Flight Simulator,,Каталог,,,Да,,PS4,2024-10-15,404 GAMES LTD,680,
439,TEKKEN 8 - Heihachi Mishima,,Каталог,Да,,,Да,XBOX | PS5,2024-10-03,Bandai Namco Entertainment Inc.,680,official
440,TEKKEN 8 - Lidia Sobieska,,Каталог,Да,,,Да,XBOX | PS5,2024-07-25,Bandai Namco Entertainment Inc.,680,official
441,Flight Simulator Delivery: Cargo Business,,Каталог,,,Да,,PS4,2024-07-19,404 GAMES LTD,680,
442,Monster Hunter Stories,,Каталог,Да,,Да,,XBOX | PS4,2024-06-14,CE EUROPE LIMITED,680,
443,Monster Hunter Stories 2: Wings of Ruin,,Каталог,Да,,Да,,XBOX | PS4,2024-06-14,CE EUROPE LIMITED,680,
444,TEKKEN 8 - Eddy Gordo,,Каталог,Да,,,Да,XBOX | PS5,2024-04-04,Bandai Namco Entertainment Inc.,680,official
445,Forza Motorsport Standard Edition,,Каталог,Да,Да,,,XBOX + PC,2023-10-09,Xbox Game Studios,680,
446,Easy Flight Simulator,,Каталог,,,Да,,PS4,2023-08-18,Benoit Varasse trading as Pix Arts,680,
447,Monster Hunter Rise,,Каталог,Да,Да,,Да,XBOX + PC | PS5,2023-01-19,"CAPCOM CO., LTD.",680,
448,Universal Flight Simulator,,Каталог,,,Да,,PS4,2022-08-07,Benoit Varasse trading as Pix Arts,680,
449,RESIDENT EVIL 3,,Каталог,,,,Да,PS5,2022-06-14,CE EUROPE LIMITED,680,
450,Assassin's Creed Valhalla - Eksiksiz Sürüm,,Каталог,Да,,,,XBOX,2022-04-09,Ubisoft,680,
451,Assassin's Creed Valhalla - Ragnarök Sürümü,,Каталог,Да,,,,XBOX,2022-04-09,Ubisoft,680,
452,Assassin's Creed Valhalla Ragnarök Edition PS4 & PS5,,Каталог,,,,Да,PS5,2022-03-10,Ubisoft,680,
453,Diablo Prime Evil Koleksiyonu,,Каталог,Да,,,,XBOX,2021-09-23,Blizzard Entertainment,680,
454,Расширение Diablo Prime Evil,,Каталог,,,,Да,PS5,2021-09-23,Activision Blizzard Int'l BV,680,
455,Улучшение до FINAL FANTASY VII REMAKE для владельцев версии для PS4,,Каталог,,,,Да,PS5,2021-06-10,Square Enix LTD,680,
456,Subnautica: Below Zero,,Каталог,Да,Да,,Да,XBOX + PC | PS5,2021-05-13,"Unknown Worlds Entertainment, Inc.",680,
457,Assassin's Creed Valhalla,,Каталог,Да,Да,,,XBOX + PC,2020-11-10,UBISOFT,680,
458,UFC 4,,Каталог,Да,,Да,,XBOX | PS4,2020-08-14,Electronic Arts,680,
459,RESIDENT EVIL 3 Tüm Oyun İçi Ödüller Kilit Açımı for Xbox,,Каталог,Да,Да,,,XBOX + PC,2020-08-06,"CAPCOM CO., LTD.",680,
460,RESIDENT EVIL 3 for Xbox,,Каталог,Да,,,,XBOX,2020-04-02,"CAPCOM CO., LTD.",680,
461,FINAL FANTASY VIII Remastered,,Каталог,,,Да,,PS4,2019-09-03,Square Enix LTD,680,
462,RESIDENT EVIL REVELATIONS,,Каталог,,,Да,,PS4,2017-08-29,CE EUROPE LIMITED,680,
463,Resident Evil Revelations 1 & 2 Bundle,,Каталог,,,Да,,PS4,2017-08-29,CE EUROPE LIMITED,680,
464,Island Flight Simulator,,Каталог,,,Да,,PS4,2017-06-20,JOINDOTS GMBH,680,
465,RESIDENT EVIL 7 biohazard,,Каталог,Да,Да,,Да,XBOX + PC | PS5,2017-01-23,株式会社 カプコン,680,catalog
466,RESIDENT EVIL 5,,Каталог,,,Да,,PS4,2016-06-28,CE EUROPE LIMITED,680,
467,Resident Evil 6,,Каталог,,,Да,,PS4,2016-03-29,CE EUROPE LIMITED,680,
468,Resident Evil 0,,Каталог,,,,Да,PS5,2016-01-19,CE EUROPE LIMITED,680,
469,FINAL FANTASY VII,,Каталог,,,Да,,PS4,2015-12-05,Square Enix LTD,680,
470,Resident Evil Revelations 2,,Каталог,,,,Да,PS5,2015-08-18,Sony Interactive Entertainment,680,
471,Resident Evil,,Каталог,,,Да,Да,PS4/PS5,2015-01-20,CE EUROPE LIMITED,680,
472,Diablo III: Reaper of Souls - Ultimate Evil Edition,,Каталог,,,,Да,PS5,2014-08-19,Activision Blizzard Int'l BV,680,
473,Valheim (Oyun ön izleme),,Предзаказ,Да,Да,,,XBOX + PC,9998-12-30,Coffee Stain Publishing,660,
474,In Trusted Hands,,Новинка,,,,Да,PS5,2026-05-08,Games Harbor LTD,660,
475,Губка Боб: Krusty Cook-Off — набор «Kelp City»,,Новинка,,,Да,,PS4,2026-03-19,TILTING POINT MEDIA LLC,660,
476,PGA TOUR 2K25 Legend Edition Year 2,,Каталог,Да,Да,,,XBOX + PC,2026-01-06,2K,660,
477,PGA TOUR 2K25 Pro Edition,,Каталог,Да,Да,,,XBOX + PC,2026-01-06,2K,660,
478,theHunter: Call of the Wild - Scotland Hunting Reserve,,Каталог,Да,,,,XBOX,2025-12-09,Avalanche Studios,660,
479,theHunter: Call of the Wild - Winter Hunting Bundle,,Каталог,Да,,,,XBOX,2025-12-09,Avalanche Studios,660,
480,FINAL FANTASY TACTICS - The Ivalice Chronicles,,Каталог,Да,,,Да,XBOX | PS5,2025-09-29,SQUARE ENIX,660,
481,DRAGON BALL Z : KAKAROT - MASTER EDITION,,Каталог,,,,Да,PS5,2025-07-17,BANDAI NAMCO ENTERTAINMENT EUROPE,660,
482,DRAGON BALL: Sparking! ZERO - Shallot (DRAGON BALL LEGENDS),,Каталог,Да,,,Да,XBOX | PS5,2025-06-26,Bandai Namco Entertainment Inc.,660,official
483,FINAL FANTASY XVI,,Каталог,Да,Да,,,XBOX + PC,2025-06-08,SQUARE ENIX,660,
484,FINAL FANTASY XVI Echoes of the Fallen,,Каталог,Да,Да,,,XBOX + PC,2025-06-08,SQUARE ENIX,660,
485,FINAL FANTASY XVI The Rising Tide,,Каталог,Да,Да,,,XBOX + PC,2025-06-08,SQUARE ENIX,660,
486,Lies of P: Overture,,Каталог,Да,Да,,Да,XBOX + PC | PS5,2025-06-06,NEOWIZ,660,
487,PGA TOUR 2K25,,Каталог,Да,Да,,,XBOX + PC,2025-02-27,2K,660,
488,Call of the Wild: The Angler,,Каталог,Да,Да,,Да,XBOX + PC | PS5,2023-11-15,Avalanche Studios,660,
489,DRAGON BALL FIGHTERZ (Windows),,Каталог,Да,Да,,Да,XBOX + PC | PS5,2022-02-24,BANDAI NAMCO Entertainment Inc.,660,
490,UNCHARTED: Наследие воров. Коллекция,,Каталог,,,,Да,PS5,2022-01-28,Sony Interactive Entertainment,660,
491,The Elder Scrolls V: Skyrim Special Edition - PS5 & PS4,,Каталог,Да,,,Да,XBOX | PS5,2021-11-11,Bethesda,660,catalog
492,Gearshifters,,Каталог,,,Да,,PS4,2021-09-30,NUMSKULL GAMES LTD,660,
493,Uncharted Tides: Port Royal,,Каталог,,,Да,,PS4,2020-02-18,ARTIFEX MUNDI S.A.,660,
494,The Elder Scrolls V: Skyrim VR,,Каталог,,,Да,,PS4,2017-11-17,Bethesda,660,
495,Uncharted: Утраченное наследие,,Каталог,,,Да,,PS4,2017-08-23,Sony Interactive Entertainment,660,
496,Oceanhorn - Monster of Uncharted Seas,,Каталог,,,Да,,PS4,2016-09-07,FDG ENTERTAINMENT GMBH & CO KG,660,
497,Mortal Kombat XL,,Каталог,,,Да,,PS4,2016-03-01,WARNER BROS. INTERACTIVE,660,
498,Uncharted: Натан Дрейк. Kоллекция,,Каталог,,,Да,,PS4,2015-10-07,Sony Interactive Entertainment,660,
499,Mortal Kombat X,,Каталог,,,Да,,PS4,2015-04-14,WARNER BROS. INTERACTIVE,660,
500,Onimusha: WotS - Издание Deluxe,,Предзаказ,Да,,,Да,XBOX | PS5,2026-09-25,CAPCOM,640,catalog
501,Mafia Business Simulator,,Каталог,,,Да,,PS4,2026-03-05,Play Games LTD,640,
502,Fallout 76: Mojave Bundle,,Каталог,Да,Да,,,XBOX + PC,2026-01-29,Bethesda Softworks,640,
503,Whiskey Mafia: Blacklist,,Каталог,,,,Да,PS5,2025-12-05,ESDigital Games LTD,640,
504,Fallout 76: Burning Springs Bundle (Windows),,Каталог,,Да,,,XBOX(PC),2025-12-02,Bethesda Softworks,640,
505,Fallout 76: Burning Springs Starter Bundle,,Каталог,Да,,,,XBOX,2025-12-02,Bethesda Softworks,640,
506,LEGO Party!,,Каталог,Да,,,Да,XBOX | PS5,2025-09-30,Fictions,640,
507,SpotCat vs The Cheddar Mafia In Europe,,Каталог,Да,Да,,,XBOX + PC,2025-08-20,Lucky Raccoon Games,640,
508,Mafia: The Old Country,,Каталог,Да,,,Да,XBOX | PS5,2025-08-07,2K,640,official
509,Rust Console Edition PS5 - Deluxe,,Каталог,Да,,,Да,XBOX | PS5,2025-06-19,Double Eleven Ltd.,640,
510,Like a Dragon: Pirate Yakuza in Hawaii,,Каталог,Да,Да,,,XBOX + PC,2025-02-20,SEGA,640,
511,DEATH STRANDING DIRECTOR'S CUT,,Каталог,Да,Да,,,XBOX + PC,2024-11-07,505 Games,640,
512,PICO PARK 2,,Каталог,Да,Да,,,XBOX + PC,2024-09-11,TECOPARK,640,
513,Sid Meier's Civilization VII: Friedrich (Barok) Karakteri,,Каталог,Да,,,,XBOX,2024-08-20,2K,640,
514,Sid Meier's Civilization VII: Xerxes (Ahameniş) Karakteri,,Каталог,Да,,,,XBOX,2024-08-20,2K,640,
515,F1 Manager 2024,,Каталог,Да,,,Да,XBOX | PS5,2024-07-23,Frontier Developments,640,
516,Коллекция Monster Hunter Stories,,Каталог,,,Да,,PS4,2024-06-14,CE EUROPE LIMITED,640,
517,Dead Island 2 - SoLA,,Каталог,Да,,,,XBOX,2024-04-17,Deep Silver,640,
518,Potion Craft: Alchemist Simulator,,Предзаказ,Да,Да,,Да,XBOX + PC | PS5,2023-12-12,tinyBuild,640,
519,Persona 5 Tactica,,Каталог,Да,Да,,Да,XBOX + PC | PS5,2023-11-17,SEGA,640,
520,Dead Island 2 - Haus,,Каталог,Да,Да,,,XBOX + PC,2023-11-02,Deep Silver,640,
521,Alan Wake 2,,Каталог,Да,,,,XBOX,2023-10-27,Epic Games,640,
522,Monster Hunter Rise: Sunbreak,,Каталог,Да,Да,,,XBOX + PC,2023-04-27,"CAPCOM CO., LTD.",640,
523,Dead Island 2,,Каталог,Да,,,Да,XBOX | PS5,2023-04-21,Deep Silver,640,catalog
524,UFC 4 - Hasbulla Vanity Bundle,,Каталог,Да,,,,XBOX,2022-12-08,Electronic Arts,640,
525,Like a Dragon: Ishin!,,Каталог,Да,Да,,Да,XBOX + PC | PS5,2022-09-14,SEGA EUROPE LTD,640,
526,TEKKEN 7 - Originals Edition,,Каталог,Да,,Да,,XBOX | PS4,2021-11-23,BANDAI NAMCO Entertainment Inc.,640,
527,Death Park 2,,Каталог,,,Да,,PS4,2021-10-27,EpiXR Games UG,640,
528,DEATH STRANDING DIRECTOR’S CUT,,Каталог,,,,Да,PS5,2021-09-24,Sony Interactive Entertainment,640,
529,Assassin's Creed Вальгалла,,Каталог,,,,Да,PS5,2020-11-12,Ubisoft,640,
530,Yakuza: Like a Dragon,,Каталог,Да,Да,,Да,XBOX + PC | PS5,2020-11-10,SEGA,640,
531,Yakuza: Like a Dragon Hero Edition,,Каталог,Да,Да,,Да,XBOX + PC | PS5,2020-11-10,SEGA,640,
532,Yakuza: Like a Dragon Legendary Hero Edition,,Каталог,Да,Да,,Да,XBOX + PC | PS5,2020-11-10,SEGA EUROPE LTD,640,
533,DEATH STRANDING,,Каталог,,,Да,,PS4,2019-11-08,Sony Interactive Entertainment,640,
534,DEATH STRANDING цифрового расширенного издания,,Каталог,,,Да,,PS4,2019-11-08,Sony Interactive Entertainment,640,
535,Need for Speed Heat,,Каталог,,,Да,,PS4,2019-11-08,EA Swiss Sarl,640,
536,"Monster Hunter World: Iceborne, расширенное издание",,Каталог,,,Да,,PS4,2019-10-01,CE EUROPE LIMITED,640,
537,Subnautica,,Каталог,,,Да,Да,PS4/PS5,2019-01-10,"Unknown Worlds Entertainment, Inc.",640,
538,ASTRO BOT Rescue Mission,,Каталог,,,Да,,PS4,2018-10-03,Sony Interactive Entertainment,640,
539,Assassin's Creed Изгой. Обновленная версия,,Каталог,,,Да,,PS4,2018-03-20,Ubisoft,640,
540,Sea of Thieves: 2026 Edition,,Каталог,Да,Да,,,XBOX + PC,2018-03-19,Microsoft Studios,640,
541,MONSTER HUNTER: WORLD,,Каталог,,,Да,,PS4,2018-01-26,CE EUROPE LIMITED,640,
542,Assassin's Creed Naval Edition,,Каталог,,,,Да,PS5,2016-01-13,Ubisoft,640,
543,Assassin's Creed Chronicles: Индия,,Каталог,,,Да,,PS4,2016-01-12,Ubisoft,640,
544,Assassin's Creed Синдикат,,Каталог,,,Да,,PS4,2015-10-23,Ubisoft,640,
545,The Elder Scrolls Online (PS4),,Каталог,Да,,Да,,XBOX | PS4,2015-06-09,Bethesda,640,catalog
546,Assassin's Creed Chronicles: China,,Каталог,,,Да,,PS4,2015-04-22,Ubisoft,640,
547,Assassin's Creed Rogue,,Каталог,,,,Да,PS5,2014-11-13,Ubisoft,640,
548,Assassin's Creed Единство,,Каталог,,,Да,,PS4,2014-11-13,Ubisoft,640,
549,HOT WHEELS Infinite Rush - Bone Shaker Skeletor Edition,,Предзаказ,Да,Да,,,XBOX + PC,2026-11-11,Milestone S.r.l.,620,
550,HOT WHEELS Infinite Rush,,Предзаказ,,,,Да,PS5,2026-09-24,MILESTONE SRL,620,
551,"Warhammer 40,000: Battlesector - Ultramarines",,Новинка,Да,,,,XBOX,2026-05-21,Slitherine Ltd.,620,
552,Age of Empires IV: Yue Fei's Legacy,,Новинка,Да,,,,XBOX,2026-05-07,Xbox Game Studios,620,
553,PRAGMATA,,Новинка,Да,,,,XBOX,2026-04-23,"CAPCOM CO., LTD.",620,
554,Total War: Warhammer III,,Новинка,,Да,,,XBOX(PC),2026-04-21,SEGA,620,
555,Need for Speed Unbound - Porsche 959 S ‘87 Set,,Каталог,Да,,,,XBOX,2024-12-10,Electronic Arts,620,
556,theHunter: Call of the Wild - German Shorthaired Pointer,,Каталог,Да,,,,XBOX,2024-12-03,Avalanche Studios,620,
557,theHunter: Call of the Wild - Salzwiesen Park,,Каталог,Да,,,,XBOX,2024-12-03,Avalanche Studios,620,
558,DayZ Cool Edition,,Каталог,Да,,Да,,XBOX | PS4,2024-11-18,Bohemia Interactive a.s.,620,
559,DRAGON BALL: Sparking! ZERO,,Каталог,Да,,,Да,XBOX | PS5,2024-10-11,Bandai Namco Entertainment Inc.,620,official
560,Starfield: Shattered Space,,Каталог,Да,Да,,,XBOX + PC,2024-09-30,Bethesda Softworks,620,
561,"DRAGON BALL XENOVERSE 2 - STP Medal x1,100",,Каталог,Да,Да,,,XBOX + PC,2024-07-25,Bandai Namco Entertainment Inc.,620,
562,"DRAGON BALL XENOVERSE 2 - STP Medal x2,300",,Каталог,Да,Да,,,XBOX + PC,2024-07-25,Bandai Namco Entertainment Inc.,620,
563,"DRAGON BALL XENOVERSE 2 - STP Medal x3,500",,Каталог,Да,Да,,,XBOX + PC,2024-07-25,Bandai Namco Entertainment Inc.,620,
564,DRAGON BALL XENOVERSE 2 - STP Medal x500,,Каталог,Да,Да,,,XBOX + PC,2024-07-25,Bandai Namco Entertainment Inc.,620,
565,"DRAGON BALL XENOVERSE 2 - STP Medal x6,000",,Каталог,Да,Да,,,XBOX + PC,2024-07-25,Bandai Namco Entertainment Inc.,620,
566,Need for Speed Unbound - Audi RS 6 Avant ‘20 Set,,Каталог,Да,,,,XBOX,2024-06-04,Electronic Arts,620,
567,DRAGON BALL FighterZ - FighterZ Edition PS4 & PS5,,Каталог,,,,Да,PS5,2024-02-29,BANDAI NAMCO ENTERTAINMENT EUROPE,620,
568,DRAGON BALL Z: KAKAROT - Goku's Next Journey,,Каталог,Да,,,,XBOX,2024-02-21,Bandai Namco Entertainment Inc.,620,
569,DRAGON BALL XENOVERSE 2 - Special Edition,,Каталог,Да,Да,,Да,XBOX + PC | PS5,2023-10-12,Bandai Namco Entertainment Inc.,620,catalog
570,Lies of P,,Каталог,Да,Да,,Да,XBOX + PC | PS5,2023-09-18,NEOWIZ,620,
571,Starfield,,Каталог,Да,Да,,,XBOX + PC,2023-09-06,Bethesda Softworks,620,
572,FINAL FANTASY,,Каталог,Да,Да,Да,,XBOX + PC | PS4,2023-04-19,Square Enix LTD,620,
573,FINAL FANTASY II,,Каталог,Да,Да,Да,,XBOX + PC | PS4,2023-04-19,Square Enix LTD,620,
574,FINAL FANTASY III,,Каталог,Да,Да,Да,,XBOX + PC | PS4,2023-04-19,SQUARE ENIX,620,
575,FINAL FANTASY IV,,Каталог,Да,Да,Да,,XBOX + PC | PS4,2023-04-19,SQUARE ENIX,620,
576,FINAL FANTASY V,,Каталог,Да,Да,Да,,XBOX + PC | PS4,2023-04-19,SQUARE ENIX,620,
577,FINAL FANTASY VI,,Каталог,Да,Да,Да,,XBOX + PC | PS4,2023-04-19,Square Enix LTD,620,
578,Need for Speed Unbound - Haritanın Püf Noktaları,,Каталог,Да,,,,XBOX,2023-03-21,Electronic Arts,620,
579,DRAGON BALL Z: KAKAROT -BARDOCK- Alone Against Fate,,Каталог,Да,,,,XBOX,2023-02-03,Bandai Namco Entertainment Inc.,620,
580,Dead Space,,Каталог,Да,,,,XBOX,2023-01-27,Electronic Arts,620,
581,DRAGON BALL Z: KAKAROT PS4 & PS5,,Каталог,,,,Да,PS5,2023-01-13,BANDAI NAMCO ENTERTAINMENT EUROPE,620,
582,Need for Speed Unbound,,Каталог,Да,,,,XBOX,2022-12-02,Electronic Arts,620,
583,Need for Speed Unbound Palace Edition,,Каталог,Да,,,,XBOX,2022-12-02,Electronic Arts,620,
584,DRAGON BALL: THE BREAKERS Special Edition,,Каталог,,,Да,,PS4,2022-10-14,BANDAI NAMCO ENTERTAINMENT EUROPE,620,
585,DRAGON BALL: THE BREAKERS - 1100 TP Tokens,,Каталог,Да,,,,XBOX,2022-10-13,Bandai Namco Entertainment Inc.,620,
586,DRAGON BALL: THE BREAKERS - 2250 TP Tokens,,Каталог,Да,,,,XBOX,2022-10-13,Bandai Namco Entertainment Inc.,620,
587,DRAGON BALL: THE BREAKERS - 3450 TP Tokens,,Каталог,Да,,,,XBOX,2022-10-13,Bandai Namco Entertainment Inc.,620,
588,DRAGON BALL: THE BREAKERS - 5400 TP Tokens,,Каталог,Да,,,,XBOX,2022-10-13,Bandai Namco Entertainment Inc.,620,
589,Mercenaries Rebirth: Call of the Wild Lynx,,Каталог,,,Да,,PS4,2022-01-14,CIRCLE ENTERTAINMENT LTD,620,
590,DRAGON BALL Z: KAKAROT - A NEW POWER AWAKENS SET,,Каталог,Да,,,,XBOX,2020-11-17,BANDAI NAMCO Entertainment,620,
591,No Man's Sky PS4 & PS5,,Каталог,,,,Да,PS5,2020-11-12,Hello Games LTD,620,
592,Need for Speed Hot Pursuit Remastered,,Каталог,,,Да,,PS4,2020-11-06,EA Swiss Sarl,620,
593,Ghost of a Tale,,Каталог,,,Да,,PS4,2019-03-12,Plug In Digital,620,
594,Need for Speed: Уникальный набор,,Каталог,,,Да,,PS4,2017-12-22,EA Swiss Sarl,620,
595,Need for Speed Payback - Издание Deluxe,,Каталог,,,Да,,PS4,2017-11-10,EA Swiss Sarl,620,
596,theHunter: Call of the Wild,,Каталог,Да,,Да,,XBOX | PS4,2017-10-02,Avalanche Studios Group AB,620,catalog
597,Need for Speed Эксклюзивный набор,,Каталог,,,Да,,PS4,2016-12-01,EA Swiss Sarl,620,
598,Dragon Ball Xenoverse 1 and 2 Bundle,,Каталог,,,Да,,PS4,2016-10-28,BANDAI NAMCO ENTERTAINMENT EUROPE,620,
599,Need for Speed,,Каталог,,,Да,,PS4,2015-11-03,EA Swiss Sarl,620,
600,Need for Speed Эксклюзивное издание,,Каталог,,,Да,,PS4,2015-11-03,EA Swiss Sarl,620,
601,FINAL FANTASY X/X-2 HD Remaster,,Каталог,,Да,Да,,XBOX(PC) | PS4,2015-05-15,Square Enix LTD,620,
602,DRAGON BALL XENOVERSE,,Каталог,,,Да,,PS4,2015-02-27,BANDAI NAMCO ENTERTAINMENT EUROPE,620,
603,Dragon Ball Xenoverse: Time Travel Edition,,Каталог,,,Да,,PS4,2015-02-27,BANDAI NAMCO ENTERTAINMENT EUROPE,620,
604,Need for Speed Rivals: Полное издание,,Каталог,,,,Да,PS5,2014-10-22,EA Swiss Sarl,620,
605,Need for Speed Rivals,,Каталог,,,Да,Да,PS4/PS5,2013-11-22,EA Swiss Sarl,620,catalog
606,SpongeBob: Krusty Cook-Off – Kelp City Bundle,,Каталог,Да,,,,XBOX,2026-03-09,Tilting Point,600,
607,Yakuza Kiwami 3 & Dark Ties,,Каталог,Да,,,,XBOX,2026-02-12,SEGA,600,
608,Yakuza Kiwami 3 & Dark Ties - Efsanevi Gençler Seti,,Каталог,Да,,,,XBOX,2026-02-11,SEGA,600,
609,Metaphor: ReFantazio Guidebook Edition,,Каталог,Да,Да,,,XBOX + PC,2026-01-12,SEGA,600,
610,Yakuza 0 Director's Cut,,Каталог,Да,,,,XBOX,2025-12-08,SEGA,600,
611,Yakuza Complete Series,,Каталог,Да,,,,XBOX,2025-12-08,SEGA,600,
612,Yakuza Kiwami,,Каталог,Да,,,,XBOX,2025-12-08,SEGA,600,
613,Yakuza Kiwami 2,,Каталог,Да,,,,XBOX,2025-12-08,SEGA,600,
614,YAKUZA: Shadows of New York,,Каталог,Да,Да,,,XBOX + PC,2025-12-03,Porting.guru,600,
615,ONE PIECE: PIRATE WARRIORS 4 Legendary Edition,,Каталог,Да,,,Да,XBOX | PS5,2025-11-20,Bandai Namco Entertainment Inc.,600,
616,Farming Simulator 25: Highlands Fishing Edition,,Каталог,Да,Да,,,XBOX + PC,2025-11-04,GIANTS Software,600,
617,Little Nightmares III,,Каталог,Да,Да,,,XBOX + PC,2025-10-10,Bandai Namco Europe S.A.S.,600,
618,EA SPORTS Playoff Bundle (Madden NFL 26 Standart Sürüm ve College Football 26 Standart Sürüm),,Каталог,Да,,,,XBOX,2025-08-14,Electronic Arts,600,
619,SpongeBob: Krusty Cook-Off Extra Krusty Edition,,Каталог,Да,,,,XBOX,2025-07-02,Tilting Point,600,
620,Rusty Rangers,,Каталог,,,Да,,PS4,2025-06-21,Games Harbor LTD,600,
621,"Deep, In the Forest",,Каталог,Да,,,Да,XBOX | PS5,2025-02-14,ChiliDog Interactive,600,
622,NINJA GAIDEN 2 Black,,Каталог,Да,Да,,,XBOX + PC,2025-01-23,KOEI TECMO EUROPE,600,
623,STAR WARS: Episode I: Jedi Power Battles,,Каталог,Да,,,,XBOX,2025-01-23,Aspyr,600,
624,RACING BROS: MAFIAS REVENGE,,Каталог,,,Да,,PS4,2024-07-25,4 GLADIATORS,600,
625,Persona 3 Reload: Persona 5 Royal BGM Seti,,Каталог,Да,Да,,,XBOX + PC,2024-02-02,SEGA,600,
626,Persona 3 Reload: Persona 5 Royal Persona Seti 1,,Каталог,Да,Да,,,XBOX + PC,2024-02-02,SEGA,600,
627,Persona 3 Reload: Persona 5 Royal Persona Seti 2,,Каталог,Да,Да,,,XBOX + PC,2024-02-02,SEGA,600,
628,Like a Dragon: Infinite Wealth,,Каталог,Да,Да,,,XBOX + PC,2024-01-26,SEGA,600,
629,Like a Dragon: Infinite Wealth Assorted Outfit Bundle,,Каталог,Да,Да,,,XBOX + PC,2024-01-26,SEGA,600,
630,Like a Dragon: Infinite Wealth Gearworks Crafting Set (Large),,Каталог,Да,Да,,,XBOX + PC,2024-01-26,SEGA,600,
631,Like a Dragon: Infinite Wealth Gearworks Crafting Set (Medium),,Каталог,Да,Да,,,XBOX + PC,2024-01-26,SEGA,600,
632,Like a Dragon: Infinite Wealth Master Vacation Bundle,,Каталог,Да,Да,,,XBOX + PC,2024-01-26,SEGA,600,
633,Like a Dragon: Infinite Wealth Special Job Set,,Каталог,Да,Да,,,XBOX + PC,2024-01-26,SEGA,600,
634,Like a Dragon: Infinite Wealth Sujimon & Resort Bundle,,Каталог,Да,Да,,,XBOX + PC,2024-01-26,SEGA,600,
635,Like a Dragon Gaiden: The Man Who Erased His Name,,Каталог,Да,Да,,,XBOX + PC,2023-11-09,SEGA,600,
636,Tekken 6 PS4 & PS5,,Каталог,,,,Да,PS5,2023-10-17,BANDAI NAMCO ENTERTAINMENT EUROPE,600,
637,F1 Manager 2023,,Каталог,Да,Да,,Да,XBOX + PC | PS5,2023-07-31,Frontier Developments,600,catalog
638,Persona 4 Golden,,Каталог,Да,Да,Да,,XBOX + PC | PS4,2023-01-19,SEGA EUROPE LTD,600,
639,Persona 5 Royal,,Каталог,Да,Да,Да,,XBOX + PC | PS4,2022-10-20,SEGA,600,catalog
640,LEGO Brawls,,Каталог,Да,,,Да,XBOX | PS5,2022-09-02,LEGO System A/S,600,
641,TEKKEN2 PS4 & PS5,,Каталог,,,,Да,PS5,2022-06-23,BANDAI NAMCO ENTERTAINMENT EUROPE,600,
642,Sonic Origins,,Каталог,Да,,,Да,XBOX | PS5,2022-06-22,SEGA,600,
643,Whiskey Mafia: Leo's Family,,Каталог,,,Да,,PS4,2021-11-12,ESDigital Games LTD,600,
644,Whiskey Mafia: Frank's Story,,Каталог,,,Да,,PS4,2021-08-13,ESDigital Games LTD,600,
645,Fallout 3: Game of the Year Edition,,Каталог,,Да,,,XBOX(PC),2021-06-13,Bethesda Softworks,600,
646,Stardew Valley,,Каталог,,,Да,,PS4,2021-02-25,CONCERNEDAPE LLC,600,
647,Devil May Cry 5 Special Edition,,Каталог,Да,,,Да,XBOX | PS5,2020-11-12,"CAPCOM CO., LTD.",600,
648,Yakuza: Like a Dragon Job Set,,Каталог,Да,Да,,,XBOX + PC,2020-11-10,SEGA,600,
649,Yakuza: Like a Dragon Karaoke Set,,Каталог,Да,Да,,,XBOX + PC,2020-11-10,SEGA,600,
650,Yakuza: Like a Dragon Legends Costume Set,,Каталог,Да,Да,,,XBOX + PC,2020-11-10,SEGA,600,
651,Yakuza: Like a Dragon Management Mode Set,,Каталог,Да,Да,,,XBOX + PC,2020-11-10,SEGA,600,
652,Трилогия Mafia,,Каталог,,,Да,,PS4,2020-09-25,2K,600,
653,Yakuza 5 Remastered,,Каталог,Да,,Да,,XBOX | PS4,2020-02-11,SEGA EUROPE LTD,600,
654,Yakuza 4 Remastered,,Каталог,Да,,Да,,XBOX | PS4,2019-10-29,SEGA,600,
655,Sekiro: Shadows Die Twice - издание 'Игра года',,Каталог,,,Да,,PS4,2019-04-05,Activision Blizzard Int'l BV,600,
656,Persona 5: Dancing in Starlight,,Каталог,,,Да,,PS4,2018-12-19,SEGA EUROPE LTD,600,
657,Fallout 76,,Каталог,,,Да,,PS4,2018-11-14,Bethesda,600,
658,DARK SOULS: REMASTERED,,Каталог,,,Да,,PS4,2018-05-25,BANDAI NAMCO ENTERTAINMENT EUROPE,600,
659,TEKKEN 7,,Каталог,Да,,Да,,XBOX | PS4,2017-06-02,BANDAI NAMCO ENTERTAINMENT EUROPE,600,catalog
660,Persona 5,,Каталог,,,Да,Да,PS4/PS5,2017-04-04,Deep Silver,600,catalog
661,Mafia III,,Каталог,,,Да,,PS4,2016-10-07,2K,600,
662,Mafia II,,Каталог,,,Да,Да,PS4/PS5,2016-08-30,2K,600,catalog
663,DARK SOULS II: Scholar of the First Sin,,Каталог,,,,Да,PS5,2015-04-02,BANDAI NAMCO ENTERTAINMENT EUROPE,600,
664,Planet Zoo 2,,Предзаказ,,,,Да,PS5,2026-10-13,FRONTIER DEVELOPMENTS PLC,580,
665,"Island Survival: Craft, Build, Grow",,Новинка,Да,Да,,,XBOX + PC,2026-05-15,THE MIDNIGHT,580,
666,The Sims 4 Lady Bridgerton’s Masquerade Ball Bundle,,Новинка,Да,,,,XBOX,2026-05-14,Electronic Arts,580,
667,The Sims 4 Royal Masquerade Bundle,,Новинка,Да,,,,XBOX,2026-05-14,Electronic Arts,580,
668,ARMORED CORE,,Каталог,,,,Да,PS5,2025-03-18,From Software,580,
669,ARMORED CORE MASTER OF ARENA,,Каталог,,,,Да,PS5,2025-03-18,From Software,580,
670,ARMORED CORE PROJECT PHANTASMA,,Каталог,,,,Да,PS5,2025-03-18,From Software,580,
671,FINAL FANTASY I-VI Bundle,,Каталог,Да,Да,,,XBOX + PC,2024-09-26,SQUARE ENIX,580,
672,FINAL FANTASY XIV Online - Complete Collector’s Edition,,Каталог,Да,,,Да,XBOX | PS5,2024-07-02,SQUARE ENIX,580,catalog
673,FINAL FANTASY XIV: Dawntrail,,Каталог,Да,,,,XBOX,2024-07-02,SQUARE ENIX,580,
674,FINAL FANTASY XIV: Dawntrail - Collector’s Edition,,Каталог,Да,,,,XBOX,2024-07-02,SQUARE ENIX,580,
675,Dragon's Dogma 2,,Каталог,Да,,,,XBOX,2024-03-21,"CAPCOM CO., LTD.",580,
676,Dragon's Dogma 2: Dragon's Dogma Müzik ve Ses Koleksiyonu - Özel Sesler,,Каталог,Да,,,,XBOX,2024-03-21,"CAPCOM CO., LTD.",580,
677,The Outlast Trials,,Каталог,Да,,,Да,XBOX | PS5,2024-03-05,RED BARRELS INC.,580,
678,ARMORED CORE VI FIRES OF RUBICON,,Каталог,Да,,,Да,XBOX | PS5,2023-08-24,BANDAI NAMCO ENTERTAINMENT EUROPE,580,
679,FINAL FANTASY I–VI Bundle,,Каталог,,,Да,,PS4,2023-04-19,Square Enix LTD,580,
680,STRANGER OF PARADISE FINAL FANTASY ORIGIN PS4 & PS5,,Каталог,,,,Да,PS5,2022-03-15,Square Enix LTD,580,
681,Mass Effect Legendary Edition,,Каталог,Да,,Да,,XBOX | PS4,2021-05-13,EA Swiss Sarl,580,
682,FINAL FANTASY CRYSTAL CHRONICLES Remastered Edition,,Каталог,,,Да,,PS4,2020-08-27,Square Enix LTD,580,
683,Street Fighter V: Champion Edition,,Каталог,,,Да,,PS4,2020-02-28,CE EUROPE LIMITED,580,
684,DayZ,,Каталог,,,Да,,PS4,2019-05-29,BOHEMIA INTERACTIVE STUDIO,580,
685,FINAL FANTASY XV MULTIPLAYER: COMRADES,,Каталог,,,Да,,PS4,2018-12-13,Square Enix LTD,580,
686,FINAL FANTASY XV POCKET EDITION HD,,Каталог,,,Да,,PS4,2018-09-07,Square Enix LTD,580,
687,FINAL FANTASY XV ROYAL EDITION,,Каталог,,,Да,,PS4,2018-03-06,Square Enix LTD,580,
688,DISSIDIA FINAL FANTASY NT,,Каталог,,,Да,,PS4,2018-03-01,Square Enix LTD,580,
689,MONSTER OF THE DEEP: FINAL FANTASY XV,,Каталог,,,Да,,PS4,2017-11-21,Square Enix LTD,580,
690,FINAL FANTASY IX Digital Edition,,Каталог,,,Да,,PS4,2017-09-19,Square Enix LTD,580,
691,FINAL FANTASY XII THE ZODIAC AGE,,Каталог,,,Да,,PS4,2017-07-18,Square Enix LTD,580,
692,WORLD OF FINAL FANTASY,,Каталог,,,,Да,PS5,2017-01-09,Square Enix LTD,580,
693,FINAL FANTASY TYPE-0 HD,,Каталог,,,Да,,PS4,2015-05-20,Square Enix LTD,580,
694,Ultra Street Fighter IV,,Каталог,,,,Да,PS5,2014-08-08,CE EUROPE LIMITED,580,
695,Vampire Crawlers: The Turbo Wildcard from Vampire Survivors,,Новинка,Да,Да,,,XBOX + PC,2026-04-21,Poncle Limited,560,
696,Age of Empires II: DE - The Last Chieftains,,Каталог,Да,Да,,,XBOX + PC,2026-02-17,Microsoft Studios,560,
697,Heart of the Forest,,Каталог,,,,Да,PS5,2026-02-12,Wales Interactive Limited,560,
698,Total War: WARHAMMER III - Sayl – Tides of Torment,,Каталог,,Да,,,XBOX(PC),2025-12-04,SEGA,560,
699,Total War: WARHAMMER III – Tides of Torment,,Каталог,,Да,,,XBOX(PC),2025-12-04,SEGA,560,
700,Anno 117: Pax Romana,,Каталог,Да,,,,XBOX,2025-11-12,Ubisoft,560,
701,The Crew Motorfest | 3. Yıl Bileti,,Каталог,Да,,,,XBOX,2025-11-05,Ubisoft,560,
702,The Crew Motorfest Nihai 3. Yıl Sürümü,,Каталог,Да,,,,XBOX,2025-10-16,Ubisoft,560,
703,Age of Empires II: DE - Chronicles: Alexander the Great,,Каталог,Да,Да,,,XBOX + PC,2025-10-14,Xbox Game Studios,560,
704,Little Nightmares Enhanced Edition,,Каталог,Да,Да,,,XBOX + PC,2025-10-10,Bandai Namco Entertainment Inc.,560,
705,Claim The Forest,,Каталог,,,,Да,PS5,2025-09-11,Afil Games,560,
706,"Warhammer 40,000: Rogue Trader - Lex Imperialis",,Каталог,Да,Да,,,XBOX + PC,2025-06-24,Owlcat Games,560,
707,Age of Empires II: DE - The Three Kingdoms,,Каталог,Да,Да,,,XBOX + PC,2025-05-06,Xbox Game Studios,560,
708,Total War: WARHAMMER III - Yuan Bo – Shadows of Change,,Каталог,,Да,,,XBOX(PC),2025-03-25,SEGA,560,
709,Total War: WARHAMMER III – Shadows of Change,,Каталог,,Да,,,XBOX(PC),2025-03-25,SEGA,560,
710,HITMAN World of Assassination Celebrity Bundle,,Каталог,Да,,,,XBOX,2024-12-12,IO Interactive A/S,560,
711,Farming Simulator 25,,Каталог,Да,Да,,,XBOX + PC,2024-11-12,GIANTS Software,560,
712,Farming Simulator 25: Year 1 Bundle,,Каталог,Да,Да,,,XBOX + PC,2024-11-12,GIANTS Software GmbH,560,
713,SONIC X SHADOW GENERATIONS,,Каталог,Да,,,,XBOX,2024-10-25,SEGA,560,
714,Metaphor: ReFantazio,,Каталог,Да,Да,,,XBOX + PC,2024-10-11,SEGA,560,
715,Metaphor: ReFantazio: Etrian Odyssey Class Costumes (7) & Battle BGM Set,,Каталог,Да,Да,,,XBOX + PC,2024-10-10,SEGA,560,
716,"Metaphor: ReFantazio: Gekkoukan High School Uniform (7), Battle BGM & Battle Jingle Set",,Каталог,Да,Да,,,XBOX + PC,2024-10-10,SEGA,560,
717,"Metaphor: ReFantazio: Jouin High School-uniform (7), Battle BGM & Battle Jingle Set",,Каталог,Да,Да,,,XBOX + PC,2024-10-10,SEGA,560,
718,"Metaphor: ReFantazio: Samurai Garb (7), Battle BGM & Battle Jingle Set",,Каталог,Да,Да,,,XBOX + PC,2024-10-10,SEGA,560,
719,"Metaphor: ReFantazio: Seven Sisters High School Uniform (7), Battle BGM & Battle Jingle Set",,Каталог,Да,Да,,,XBOX + PC,2024-10-10,SEGA,560,
720,"Metaphor: ReFantazio: Shujin Academy School Uniform (7), Battle BGM & Battle Jingle Set",,Каталог,Да,Да,,,XBOX + PC,2024-10-10,SEGA,560,
721,"Metaphor: ReFantazio: St. Hermelin High School Uniform (7), Battle BGM & Battle Jingle Set",,Каталог,Да,Да,,,XBOX + PC,2024-10-10,SEGA,560,
722,"Metaphor: ReFantazio: Yasogami High School Uniform (7), Battle BGM & Battle Jingle Set",,Каталог,Да,Да,,,XBOX + PC,2024-10-10,SEGA,560,
723,EA SPORTS WRC 24,,Каталог,Да,,,,XBOX,2024-10-08,Electronic Arts,560,
724,Harry Potter: Quidditch Champions,,Каталог,Да,,,,XBOX,2024-09-03,Warner Bros. Games,560,
725,Star Wars Outlaws,,Каталог,Да,Да,,,XBOX + PC,2024-08-29,Ubisoft,560,
726,STAR WARS: Bounty Hunter,,Каталог,Да,,,,XBOX,2024-07-31,Aspyr,560,
727,STAR WARS: Dark Forces Remaster,,Каталог,,,,Да,PS5,2024-02-28,Atari Inc.,560,
728,"Warhammer 40,000: Chaos Gate - Daemonhunters",,Каталог,Да,,,Да,XBOX | PS5,2024-02-20,Frontier Developments,560,
729,Persona 3 Reload,,Каталог,Да,Да,,,XBOX + PC,2024-02-02,SEGA,560,
730,Persona 3 Reload: Persona 4 Golden Persona Seti,,Каталог,Да,Да,,,XBOX + PC,2024-02-02,SEGA,560,
731,HITMAN World of Assassination Part One,,Каталог,Да,Да,,,XBOX + PC,2023-12-18,IO Interactive A/S,560,
732,Freddi Fish 4: The Case of The Hogfish Rustlers of Briny Gulch,,Каталог,,,Да,,PS4,2023-12-14,UFO Interactive Games,560,
733,"Warhammer 40,000: Rogue Trader - Voidfarer Edition",,Каталог,Да,Да,,Да,XBOX + PC | PS5,2023-12-07,Owlcat Games,560,
734,NARUTO X BORUTO Ultimate Ninja STORM CONNECTIONS,,Каталог,Да,,,Да,XBOX | PS5,2023-11-16,BANDAI NAMCO ENTERTAINMENT EUROPE,560,
735,SONIC SUPERSTARS,,Каталог,Да,,,Да,XBOX | PS5,2023-10-17,SEGA,560,catalog
736,The Crew Motorfest,,Каталог,Да,Да,Да,,XBOX + PC | PS4,2023-09-14,UBISOFT,560,
737,Sonic Origins Plus,,Каталог,Да,,,,XBOX,2023-06-23,SEGA,560,
738,Sonic Origins Plus для PS4 и PS5,,Каталог,,,,Да,PS5,2023-06-23,SEGA EUROPE LTD,560,
739,PSO2:NGS - Sonic Collab: Suits/C-Space Edition,,Каталог,Да,Да,,,XBOX + PC,2023-06-07,SEGA Corporation,560,
740,EA SPORTS PGA TOUR,,Каталог,Да,,,,XBOX,2023-04-06,Electronic Arts,560,
741,Gravity Thrust,,Каталог,,,Да,,PS4,2023-02-24,,560,
742,Persona 3 Portable,,Каталог,,,Да,,PS4,2023-01-19,SEGA EUROPE LTD,560,
743,Sonic Frontiers,,Каталог,Да,,,Да,XBOX | PS5,2022-11-08,SEGA,560,catalog
744,LEGO Star Wars: The Skywalker Saga Galaktik Sürüm,,Каталог,Да,Да,,,XBOX + PC,2022-10-31,Warner Bros. Games,560,
745,LEGO Star Wars: The Skywalker Saga Karakter Koleksiyonu 1 ve 2,,Каталог,Да,Да,,,XBOX + PC,2022-10-31,Warner Bros. Games,560,
746,LEGO Star Wars: The Skywalker Saga Karakter Koleksiyonu 2,,Каталог,Да,Да,,,XBOX + PC,2022-10-31,Warner Bros. Games,560,
747,"Warhammer 40,000: Shootas, Blood & Teef",,Каталог,Да,,Да,,XBOX | PS4,2022-10-25,Rogueside,560,
748,LEGO Bricktales,,Каталог,,,,Да,PS5,2022-10-12,THUNDERFUL PUBLISHING,560,
749,LEGO Звездные Войны: Скайуокер. Сага PS4 & PS5,,Каталог,,,,Да,PS5,2022-04-05,WARNER BROS. INTERACTIVE,560,
750,LEGO Star Wars: The Skywalker Saga Karakter Koleksiyonu 1,,Каталог,Да,Да,,,XBOX + PC,2022-04-04,Warner Bros. Games,560,
751,Persona 4 Arena Ultimax,,Каталог,,,Да,,PS4,2022-03-17,SEGA EUROPE LTD,560,
752,Personality and Psychology Premium,,Каталог,,,,Да,PS5,2022-03-10,,560,
753,Galactic Civilizations III,,Каталог,,Да,,,XBOX(PC),2022-02-24,Stardock Entertainment,560,
754,HITMAN World of Assassination,,Каталог,Да,Да,,,XBOX + PC,2022-01-20,IO Interactive A/S,560,
755,LEGO Builder's Journey,,Каталог,Да,,,,XBOX,2021-11-25,LEGO® Games,560,
756,Alan Wake Remastered,,Каталог,,,,Да,PS5,2021-10-05,EPIC GAMES,560,
757,Sonic Colors: Ultimate,,Каталог,,,Да,,PS4,2021-09-07,SEGA EUROPE LTD,560,
758,Sonic Colours: Ultimate,,Каталог,Да,,Да,,XBOX | PS4,2021-09-07,SEGA,560,catalog
759,Rustler,,Каталог,,,,Да,PS5,2021-08-31,Maximum Entertainment,560,
760,Hades,,Каталог,Да,Да,,Да,XBOX + PC | PS5,2021-08-12,Supergiant Games,560,
761,Sid Meier's Civilization VI Platinum Edition,,Каталог,Да,Да,,,XBOX + PC,2021-07-27,2K,560,
762,Sid Meier’s Civilization VI Platinum Edition,,Каталог,,,Да,,PS4,2021-07-27,2K,560,
763,The Crew 2,,Каталог,Да,Да,Да,,XBOX + PC | PS4,2021-07-06,Ubisoft,560,
764,Ratchet & Clank: Сквозь миры,,Каталог,,,,Да,PS5,2021-06-11,Sony Interactive Entertainment,560,
765,Persona5 Strikers,,Каталог,,,Да,,PS4,2021-02-23,SEGA EUROPE LTD,560,
766,Steamroll: Rustless Edition,,Каталог,,,Да,,PS4,2021-02-12,Making Port,560,
767,Yakuza 4 Remastered for Windows 10,,Каталог,,Да,,,XBOX(PC),2021-01-28,SEGA,560,
768,Yakuza 5 Remastered for Windows 10,,Каталог,,Да,,,XBOX(PC),2021-01-28,SEGA,560,
769,Rusty Spout Rescue Adventure,,Каталог,,,Да,,PS4,2020-11-27,7 RAVEN STUDIOS CO. LTD.,560,
770,NHL 94 REWIND,,Каталог,,,Да,,PS4,2020-10-30,EA Swiss Sarl,560,
771,STAR WARS: Squadrons,,Каталог,,,Да,,PS4,2020-10-02,EA Swiss Sarl,560,
772,Vader Immortal: A Star Wars VR Series,,Каталог,,,Да,,PS4,2020-08-25,Disney Interactive,560,
773,Rusty Gun,,Каталог,,,Да,,PS4,2020-08-14,VICTORY ROAD,560,
774,Civilization VI - New Frontier Pass,,Каталог,Да,,,,XBOX,2020-05-21,2K,560,
775,LEGO Хоббит,,Каталог,,,Да,,PS4,2020-05-06,WARNER BROS. INTERACTIVE,560,
776,Warhammer Quest 2: The End Times,,Каталог,Да,,Да,,XBOX | PS4,2019-12-20,CHILLED MOUSE LTD,560,
777,Team Sonic Racing & Super Monkey Ball: Banana Blitz HD,,Каталог,Да,,,,XBOX,2019-12-18,"SEGA of America, Inc.",560,
778,Sid Meier's Civilization VI,,Каталог,,,Да,,PS4,2019-11-22,2K,560,
779,Muhteşem Sonic Destesi,,Каталог,Да,,,,XBOX,2019-11-20,SEGA,560,
780,Team Sonic Racing,,Каталог,,,Да,,PS4,2019-05-21,SEGA EUROPE LTD,560,
781,Жизнь после (Days Gone),,Каталог,,,Да,,PS4,2019-04-26,Sony Interactive Entertainment,560,
782,Persona 3: Dancing in Moonlight,,Каталог,,,Да,,PS4,2018-12-19,SEGA EUROPE LTD,560,
783,Distrust,,Каталог,,,Да,,PS4,2018-11-16,"Alawar Entertainment, Inc.",560,
784,LEGO Суперзлодеи DC - издание делюкс,,Каталог,,,Да,,PS4,2018-10-19,WARNER BROS. INTERACTIVE,560,
785,SONIC FORCES,,Каталог,,,Да,,PS4,2018-06-20,SEGA EUROPE LTD,560,
786,LEGO Суперсемейка,,Каталог,,,Да,,PS4,2018-06-15,WARNER BROS. INTERACTIVE,560,
787,Yakuza 6: The Song of Life,,Каталог,,,Да,,PS4,2018-04-17,SEGA EUROPE LTD,560,
788,LEGO Marvel Super Heroes 2 Издание делюкс,,Каталог,,,Да,,PS4,2017-11-17,WARNER BROS. INTERACTIVE,560,
789,Middle-earth: Shadow of War,,Каталог,Да,Да,,,XBOX + PC,2017-10-09,Warner Bros. Games,560,
790,Sonic Mania,,Каталог,,,Да,,PS4,2017-08-15,SEGA EUROPE LTD,560,
791,LEGO CITY Undercover,,Каталог,,,Да,,PS4,2017-04-07,WARNER BROS. INTERACTIVE,560,
792,LEGO Worlds,,Каталог,,,Да,,PS4,2017-03-10,WARNER BROS. INTERACTIVE,560,
793,LEGO Star Wars: Пробуждение силы,,Каталог,,,,Да,PS5,2016-06-28,WARNER BROS. INTERACTIVE,560,
794,LEGO Star Wars: Пробуждение силы (Делюкс-версия),,Каталог,,,Да,,PS4,2016-06-28,WARNER BROS. INTERACTIVE,560,
795,LEGO Звездные войны: Пробуждение силы,,Каталог,,,,Да,PS5,2016-06-28,WARNER BROS. INTERACTIVE,560,
796,Hitman GO: Окончательное издание,,Каталог,,,Да,,PS4,2016-03-02,CRYSTAL DYNAMICS,560,
797,LEGO Marvel's Avengers,,Каталог,,,,Да,PS5,2016-01-29,WARNER BROS. INTERACTIVE,560,
798,Yakuza 5,,Каталог,,,,Да,PS5,2015-12-08,SEGA EUROPE LTD,560,
799,Persona 4: Dancing All Night,,Каталог,,,,Да,PS5,2015-11-06,NIS America,560,
800,Devil May Cry 4 Special Edition,,Каталог,,,Да,,PS4,2015-06-24,CE EUROPE LIMITED,560,
801,LEGO Jurassic World,,Каталог,,,,Да,PS5,2015-06-12,WARNER BROS. INTERACTIVE,560,
802,LEGO Ninjago: Тень Ронина,,Каталог,,,,Да,PS5,2015-03-27,WARNER BROS. INTERACTIVE,560,
803,Yakuza 4,,Каталог,,,,Да,PS5,2014-12-07,SEGA EUROPE LTD,560,
804,Yakuza: Dead Souls,,Каталог,,,,Да,PS5,2014-12-07,SEGA EUROPE LTD,560,
805,Persona4 Arena Ultimax,,Каталог,,,,Да,PS5,2014-11-21,SEGA EUROPE LTD,560,
806,LEGO Ninjago: Nindroids,,Каталог,,,,Да,PS5,2014-08-01,WARNER BROS. INTERACTIVE,560,
807,Ratchet & Clank,,Каталог,,,,Да,PS5,2014-07-02,Sony Interactive Entertainment,560,
808,Ratchet & Clank 2,,Каталог,,,,Да,PS5,2014-07-02,Sony Interactive Entertainment,560,
809,Ratchet & Clank 3,,Каталог,,,,Да,PS5,2014-07-02,Sony Interactive Entertainment,560,
810,LEGO Marvel: Супегерои,,Каталог,,,,Да,PS5,2013-11-15,WARNER BROS. INTERACTIVE,560,
811,LEGO Marvel: Супергерои,,Каталог,,,,Да,PS5,2013-11-15,WARNER BROS. INTERACTIVE,560,
812,Ratchet & Clank: Nexus (PS3),,Каталог,,,,Да,PS5,2013-11-13,Sony Interactive Entertainment,560,
813,CODE VEIN II,,Предзаказ,Да,,,,XBOX,9998-12-30,Bandai Namco Entertainment Inc.,540,
814,Directive 8020,,Новинка,Да,,,,XBOX,2026-05-12,Supermassive Games,540,
815,Eivor Wolf-Kissed – Berserker Kahraman Görünümü – FOR HONOR,,Новинка,Да,,,,XBOX,2026-04-23,Ubisoft,540,
816,Naoe the Swift – Shinobi Kahraman Görünümü – FOR HONOR,,Новинка,Да,,,,XBOX,2026-04-23,Ubisoft,540,
817,Yasuke the Brave – Shugoki Kahraman Görünümü – FOR HONOR,,Новинка,Да,,,,XBOX,2026-04-22,Ubisoft,540,
818,Age of Mythology: Retold - Obsidian Mirror,,Новинка,Да,Да,,,XBOX + PC,2026-04-21,Xbox Game Studios,540,
819,Cannon Balloon Party,,Новинка,,,Да,,PS4,2026-03-23,Acyntha,540,
820,Scorching Herald – Gryphon Efs. Kah. Görünümü – FOR HONOR,,Новинка,Да,,,,XBOX,2026-03-12,Ubisoft,540,
821,Grounded 2,,Каталог,Да,Да,,,XBOX + PC,2025-07-29,Xbox Game Studios,540,
822,Cat President: A More Purrfect Union PS4 & PS5,,Каталог,,,,Да,PS5,2025-03-05,Penguin Pop Games LLC,540,
823,Path of Exile 2 Erken Erişim Destekçi Paketleri,,Новинка,Да,,,,XBOX,2024-11-21,Grinding Gear Games,540,
824,MetroLand,,Каталог,,,,Да,PS5,2024-10-17,QUBYTE INTERACTIVE,540,
825,METRO QUESTER | OSAKA,,Каталог,,,,Да,PS5,2024-09-13,KEMCO,540,
826,Outlast: Trinity,,Каталог,,,Да,,PS4,2023-01-24,Red Barrels,540,
827,Crash Bandicoot - набор Quadrilogy,,Каталог,,,Да,,PS4,2021-07-21,Activision Blizzard Int'l BV,540,
828,Crash Bandicoot - юбилейный набор Crash,,Каталог,,,Да,,PS4,2021-07-21,Activision Blizzard Int'l BV,540,
829,Metro Simulator,,Каталог,,,Да,,PS4,2021-07-08,Iridium Media Group GmbH,540,
830,Crash Bandicoot 4: Это вопрос времени,,Каталог,,,,Да,PS5,2021-03-12,Activision Blizzard Int'l BV,540,
831,Metro Saga Bundle,,Каталог,Да,,,,XBOX,2020-12-14,Deep Silver,540,
832,Crash Bandicoot 4: It’s About Time,,Каталог,Да,,,,XBOX,2020-10-01,Activision Publishing Inc.,540,
833,Mini Metro,,Каталог,,,Да,,PS4,2019-09-10,,540,
834,Metropolis: Lux Obscura,,Каталог,,,Да,,PS4,2018-04-04,EVGENIY KOLPAKOV,540,
835,The Metronomicon: Slay the Dance Floor - Deluxe,,Каталог,Да,,Да,,XBOX | PS4,2017-08-29,AKUPARA GAMES,540,catalog
836,Outlast 2,,Каталог,,,Да,,PS4,2017-04-25,Red Barrels,540,
837,Mass Effect: Andromeda,,Каталог,,,Да,,PS4,2017-03-23,EA Swiss Sarl,540,
838,Metro: Last Light Redux,,Каталог,,,Да,,PS4,2015-06-02,Deep Silver,540,
839,skate. - 1.600 San Van Bucks,,Каталог,Да,,,,XBOX,2026-03-10,Electronic Arts,520,
840,Skate Story Snowy,,Каталог,Да,Да,,,XBOX + PC,2025-12-15,Basicik Game,520,
841,Stellaris: Console Edition PS5,,Новинка,Да,,,Да,XBOX | PS5,2025-11-06,Paradox Interactive,520,
842,Session: Skate Sim El Lay,,Каталог,Да,,,,XBOX,2025-10-29,Nacon,520,
843,Science Skaters,,Каталог,,,Да,,PS4,2025-10-23,ARTAX GAMES SL,520,
844,SnowRunner - Years 1 to 5 Pass,,Каталог,Да,,,,XBOX,2025-09-04,Focus Entertainment,520,
845,Machine Craft: Scrap Survival,,Каталог,,,Да,,PS4,2025-08-14,Play Games LTD,520,
846,skate. - 1.050 San Van Bucks,,Каталог,Да,,,,XBOX,2025-07-02,Electronic Arts,520,
847,skate. - 12.000 San Van Bucks,,Каталог,Да,,,,XBOX,2025-07-02,Electronic Arts,520,
848,skate. - 2.800 San Van Bucks,,Каталог,Да,,,,XBOX,2025-07-02,Electronic Arts,520,
849,skate. - 5.900 San Van Bucks,,Каталог,Да,,,,XBOX,2025-07-02,Electronic Arts,520,
850,skate. - 500 San Van Bucks,,Каталог,Да,,,,XBOX,2025-07-02,Electronic Arts,520,
851,RoadCraft,,Каталог,Да,Да,,,XBOX + PC,2025-05-19,Focus Entertainment,520,
852,Watch Dogs2,,Каталог,Да,Да,Да,,XBOX + PC | PS4,2025-05-06,Ubisoft Entertainment,520,catalog
853,The First Berserker: Khazan,,Каталог,Да,,,,XBOX,2025-03-27,Nexon Korea Corporation,520,
854,Session: Skate Sim Year One & Two Edition,,Каталог,,,,Да,PS5,2025-01-16,NACON SA,520,
855,Total War: WARHAMMER III – Golgfag - Omens of Destruction,,Каталог,,Да,,,XBOX(PC),2024-12-12,SEGA,520,
856,Total War: WARHAMMER III – Gorbad - Omens of Destruction,,Каталог,,Да,,,XBOX(PC),2024-12-12,SEGA,520,
857,Total War: WARHAMMER III – Omens of Destruction,,Каталог,,Да,,,XBOX(PC),2024-12-12,SEGA,520,
858,Total War: WARHAMMER III – Skulltaker - Omens of Destruction,,Каталог,,Да,,,XBOX(PC),2024-12-12,SEGA,520,
859,Outbreak: Shades of Horror Chromatic Split,,Каталог,,,,Да,PS5,2024-12-04,Dead Drop Studios LLC,520,
860,Age of Empires II: DE - Chronicles: Battle for Greece,,Каталог,Да,Да,,,XBOX + PC,2024-11-14,Xbox Game Studios,520,
861,The Crew Motorfest | 2. Yıl Bileti,,Каталог,Да,,,,XBOX,2024-11-06,Ubisoft,520,
862,SOUTH PARK: SNOW DAY! Nichole's Home Brew,,Каталог,Да,,,,XBOX,2024-10-23,THQ Nordic,520,
863,"Warhammer 40,000: Rogue Trader - Void Shadows",,Каталог,Да,Да,,,XBOX + PC,2024-09-24,Owlcat Games,520,
864,Total War: WARHAMMER III - Elspeth – Thrones of Decay,,Каталог,,Да,,,XBOX(PC),2024-04-30,SEGA,520,
865,Total War: WARHAMMER III - Malakai – Thrones of Decay,,Каталог,,Да,,,XBOX(PC),2024-04-30,SEGA,520,
866,Total War: WARHAMMER III – Thrones of Decay,,Каталог,,Да,,,XBOX(PC),2024-04-30,SEGA,520,
867,SOUTH PARK: SNOW DAY!,,Каталог,Да,,,,XBOX,2024-03-26,THQ Nordic,520,
868,Tiny Tales: Heart of the Forest,,Каталог,,,,Да,PS5,2024-03-15,ARTIFEX MUNDI S.A.,520,
869,Balatro,,Каталог,,,,Да,PS5,2024-02-20,PLAYSTACK LIMITED,520,
870,"Warhammer 40,000: Chaos Gate - Daemonhunters - Arındırıcı Sürümü",,Каталог,Да,,,,XBOX,2024-02-20,Frontier Developments,520,
871,"Warhammer 40,000: Chaos Gate - Daemonhunters - Purifier Edition PS4 & PS5",,Каталог,,,,Да,PS5,2024-02-20,FRONTIER DEVELOPMENTS PLC,520,
872,Jujutsu Kaisen Cursed Clash,,Каталог,Да,,,Да,XBOX | PS5,2024-02-01,Bandai Namco Entertainment Inc.,520,
873,"Warhammer 40,000: Rogue Trader",,Каталог,Да,Да,,,XBOX + PC,2023-12-07,Owlcat Games,520,
874,Warhammer Age of Sigmar: Realms of Ruin,,Каталог,Да,,,Да,XBOX | PS5,2023-11-17,Frontier Developments,520,catalog
875,ONE PIECE: PIRATE WARRIORS 4 Yamato's Grand Tour Logbook & Soul Map 1,,Каталог,Да,,,,XBOX,2023-09-14,Bandai Namco Entertainment Inc.,520,
876,ONE PIECE: PIRATE WARRIORS 4 Character Pass 2,,Каталог,Да,,,,XBOX,2023-07-24,BANDAI NAMCO Entertainment,520,
877,A Plague Tale Bundle,,Каталог,,,,Да,PS5,2023-01-18,Focus Entertainment,520,
878,ONE PIECE ODYSSEY,,Каталог,Да,,,,XBOX,2023-01-12,Bandai Namco Entertainment Inc.,520,
879,The Forest Quartet,,Каталог,,,,Да,PS5,2022-12-08,BEDTIME DIGITAL GAMES,520,
880,Farming Simulator 22: Platinum Edition,,Каталог,Да,Да,,Да,XBOX + PC | PS5,2022-11-14,GIANTS Software,520,
881,Age of Empires 25. Yıl Dönümü Koleksiyonu,,Каталог,,Да,,,XBOX(PC),2022-10-25,Xbox Game Studios,520,
882,A Plague Tale: Requiem,,Каталог,,,,Да,PS5,2022-10-18,Focus Entertainment,520,
883,Total War: Warhammer III - Champions of Chaos,,Каталог,,Да,,,XBOX(PC),2022-08-23,Creative Assembly Ltd,520,
884,Total War: Warhammer,,Каталог,,Да,,,XBOX(PC),2022-08-04,Creative Assembly Ltd,520,
885,Total War: WARHAMMER - Call of the Beastmen,,Каталог,,Да,,,XBOX(PC),2022-08-04,Creative Assembly Ltd,520,
886,Total War: WARHAMMER - Chaos Warriors,,Каталог,,Да,,,XBOX(PC),2022-08-04,Creative Assembly Ltd,520,
887,Total War: WARHAMMER - Norsca,,Каталог,,Да,,,XBOX(PC),2022-08-04,Creative Assembly Ltd,520,
888,Total War: Warhammer II,,Каталог,,Да,,,XBOX(PC),2022-08-04,Creative Assembly Ltd,520,
889,Total War: WARHAMMER II - Rise of the Tomb Kings,,Каталог,,Да,,,XBOX(PC),2022-08-04,Creative Assembly Ltd,520,
890,Little Nightmares I & II Bundle PS4 & PS5,,Каталог,,,,Да,PS5,2022-04-28,BANDAI NAMCO ENTERTAINMENT EUROPE,520,
891,Tiny Tina's Wonderlands для PS4,,Каталог,,,Да,,PS4,2022-03-25,2K,520,
892,Tiny Tina's Wonderlands: Издание нового уровня,,Каталог,,,,Да,PS5,2022-03-25,2K,520,
893,Tiny Tina's Wonderlands: Хаотически крутое издание,,Каталог,,,,Да,PS5,2022-03-25,2K,520,
894,Total War: WARHAMMER III - Ogre Kingdoms,,Каталог,,Да,,,XBOX(PC),2022-02-24,SEGA,520,
895,"Warhammer 40,000: Battlesector",,Каталог,,,Да,,PS4,2021-12-02,Slitherine,520,
896,Farming Simulator 22,,Каталог,Да,Да,,Да,XBOX + PC | PS5,2021-11-21,GIANTS Software,520,
897,Tiny Tina's Assault on Dragon Keep: A Wonderlands One-shot Adventure,,Каталог,,,Да,,PS4,2021-11-09,2K,520,
898,Little Nightmares II PS4 & PS5,,Каталог,,,,Да,PS5,2021-08-25,BANDAI NAMCO ENTERTAINMENT EUROPE,520,
899,The Crew 2 Özel Sürüm,,Каталог,Да,,,,XBOX,2021-07-07,UBISOFT,520,
900,A Plague Tale: Innocence,,Каталог,,,,Да,PS5,2021-07-06,Focus Entertainment,520,
901,Warhammer Age of Sigmar: Storm Ground,,Каталог,,,Да,,PS4,2021-05-27,Focus Entertainment,520,
902,NieR Replicant ver.1.22474487139...,,Каталог,Да,,,,XBOX,2021-04-23,SQUARE ENIX,520,
903,NieR Replicant ver.1.22474487139…,,Каталог,,,Да,,PS4,2021-04-23,Square Enix LTD,520,
904,Werewolf: The Apocalypse — Heart of the Forest,,Каталог,,,Да,,PS4,2021-02-24,Pretty Soon S.A.,520,
905,Nioh 2 Remastered: полное издание PS4 & PS5,,Каталог,,,,Да,PS5,2021-02-05,Sony Interactive Entertainment,520,
906,Nioh Remastered: полное издание,,Каталог,,,,Да,PS5,2021-02-05,Sony Interactive Entertainment,520,
907,Коллекция Nioh,,Каталог,,,,Да,PS5,2021-02-05,Sony Interactive Entertainment,520,
908,Warhammer: Chaosbane Slayer Edition,,Каталог,,,,Да,PS5,2020-11-12,NACON SA,520,
909,Watch Dogs: Legion,,Каталог,Да,Да,,Да,XBOX + PC | PS5,2020-10-29,UBISOFT,520,
910,Skatemasta Tcheco,,Каталог,Да,,,Да,XBOX | PS5,2020-10-07,eastasiasoft,520,
911,Skater XL,,Каталог,Да,,Да,,XBOX | PS4,2020-07-28,Easy Day Studios,520,
912,"Warhammer 40,000: Mechanicus",,Каталог,,,Да,,PS4,2020-07-17,Kasedo Games Ltd,520,
913,Assetto Corsa Competizione,,Каталог,Да,,Да,,XBOX | PS4,2020-06-23,505 GAMES S.R.L.,520,
914,Session: Skate Sim,,Каталог,Да,,,Да,XBOX | PS5,2020-06-17,NACON SA,520,
915,ONE PIECE: PIRATE WARRIORS 4 Character Pass,,Каталог,Да,,,,XBOX,2020-03-26,BANDAI NAMCO Entertainment,520,
916,Nioh 2,,Каталог,,,Да,,PS4,2020-03-13,Sony Interactive Entertainment,520,
917,Warhammer: Vermintide 2 – Winds of Magic Bundle,,Каталог,Да,,,,XBOX,2019-12-18,Fatshark AB,520,
918,Farming Simulator 19 - Platinum Edition,,Каталог,Да,,Да,,XBOX | PS4,2019-10-21,Focus Home Interactive,520,
919,Warhammer: Chaosbane,,Каталог,,,Да,,PS4,2019-06-04,NACON SA,520,
920,Warhammer: Chaosbane - Magnus Edition,,Каталог,,,Да,,PS4,2019-06-04,NACON SA,520,
921,ONE PIECE World Seeker,,Каталог,,,Да,,PS4,2019-03-15,BANDAI NAMCO ENTERTAINMENT EUROPE,520,
922,NieR: Automata Game of the YoRHa Edition,,Каталог,,,Да,,PS4,2019-02-26,Square Enix LTD,520,
923,The Forest,,Каталог,,,Да,,PS4,2018-11-06,ENDNIGHT GAMES LIMITED,520,
924,NARUTO TO BORUTO: SHINOBI STRIKER,,Каталог,,,Да,,PS4,2018-08-31,BANDAI NAMCO ENTERTAINMENT EUROPE,520,
925,"Warhammer 40,000: Inquisitor - Martyr",,Каталог,,,Да,,PS4,2018-08-23,NeocoreGames Distribution s.r.o.,520,
926,"Warhammer 40,000: Inquisitor - Martyr | Imperium edition",,Каталог,,,Да,,PS4,2018-08-23,NeocoreGames Distribution s.r.o.,520,
927,A Way Out,,Каталог,,,Да,,PS4,2018-03-23,EA Swiss Sarl,520,
928,Warhammer Bundle: Mordheim and Blood Bowl 2,,Каталог,Да,,Да,,XBOX | PS4,2018-03-20,NACON SA,520,catalog
929,South Park: The Fractured but Whole,,Каталог,,,Да,,PS4,2018-02-01,Ubisoft,520,
930,Dragon's Dogma: Dark Arisen,,Каталог,,,Да,,PS4,2017-10-03,CE EUROPE LIMITED,520,
931,NARUTO: Ultimate Ninja STORM,,Каталог,,,Да,,PS4,2017-08-25,BANDAI NAMCO ENTERTAINMENT EUROPE,520,
932,Nioh,,Каталог,,,Да,,PS4,2017-02-08,Sony Interactive Entertainment,520,
933,Warhammer: End Times - Vermintide,,Каталог,,,Да,,PS4,2016-10-04,FATSHARK AB,520,
934,One Piece Burning Blood,,Каталог,,,Да,,PS4,2016-06-03,BANDAI NAMCO ENTERTAINMENT EUROPE,520,
935,NARUTO SHIPPUDEN: Ultimate Ninja STORM 4,,Каталог,,,Да,,PS4,2016-02-05,BANDAI NAMCO ENTERTAINMENT EUROPE,520,
936,Terraria – PlayStation4 Edition,,Каталог,,,Да,,PS4,2014-11-12,505 GAMES S.R.L.,520,
937,Truck Simulator - 1v1 Multiplayer,,Новинка,Да,Да,,,XBOX + PC,2026-05-13,Digital Captain,500,
938,Heavy Cargo - The Truck Simulator: Classic Paint Jobs,,Новинка,Да,,,,XBOX,2026-04-07,Aerosoft GmbH,500,
939,Farming TriPeaks Solitaire,,Новинка,,,Да,,PS4,2026-03-13,Benoit Varasse trading as Pix Arts,500,
940,Terminator 2D: NO FATE,,Каталог,Да,,Да,,XBOX | PS4,2025-12-12,Reef Entertainment Ltd,500,
941,Hot Wheels Let's Race: Ultimate Speed,,Каталог,Да,Да,,,XBOX + PC,2025-10-23,GameMill Entertainment,500,
942,HOT WHEELS UNLEASHED 2 - Turbocharged,,Каталог,Да,Да,,Да,XBOX + PC | PS5,2023-10-16,MILESTONE SRL,500,
943,HOT WHEELS UNLEASHED,,Каталог,Да,,Да,,XBOX | PS4,2021-09-29,MILESTONE SRL,500,
944,WRC 10 FIA World Rally Championship,,Каталог,Да,,Да,,XBOX | PS4,2021-09-02,Nacon,500,
945,Green Hell,,Каталог,Да,,,Да,XBOX | PS5,2021-06-09,Creepy Jar S.A.,500,
946,WRC 9 FIA World Rally Championship,,Каталог,Да,,,Да,XBOX | PS5,2020-09-03,Nacon,500,
947,WRC 8 FIA World Rally Championship,,Каталог,Да,,Да,,XBOX | PS4,2019-09-05,NACON SA,500,
948,Gang Beasts,,Каталог,,,Да,,PS4,2017-12-12,BONELOAF LIMITED,500,
949,DEAD RISING,,Каталог,Да,,Да,,XBOX | PS4,2016-09-13,"CAPCOM CO., LTD.",500,
950,Claire: Extended Cut,,Каталог,,,Да,,PS4,2016-08-31,HAILSTORM GAMES INC,500,
951,Lords of the Fallen,,Каталог,Да,,Да,,XBOX | PS4,2014-10-28,CI GAMES S.A.,500,
952,Drug Dealer Simulator 2,,Предзаказ,Да,Да,,,XBOX + PC,2026-06-17,Movie Games S.A.,480,
953,SHINOBI: Art of Vengeance - SEGA Villains Stage,,Новинка,Да,,,,XBOX,2026-04-03,SEGA,480,
954,Moto Dirt,,Новинка,Да,,,,XBOX,2026-03-30,APG Studios,480,
955,New Supermarket Simulator,,Новинка,,,Да,,PS4,2026-03-30,ASI GAMES TECHNOLOGIES LTD,480,
956,Tales of Berseria Remastered,,Каталог,Да,,,,XBOX,2026-02-26,Bandai Namco Entertainment Inc.,480,
957,Tales of Berseria Remastered - Lv. Up+10 (1),,Каталог,Да,,,,XBOX,2026-02-26,Bandai Namco Entertainment Inc.,480,
958,Tales of Berseria Remastered - Lv. Up+10 (2),,Каталог,Да,,,,XBOX,2026-02-26,Bandai Namco Entertainment Inc.,480,
959,Juren - Kahraman - FOR HONOR,,Каталог,Да,,,,XBOX,2026-01-29,Ubisoft,480,
960,Frostpunk 2: Fractured Utopias,,Каталог,Да,Да,,,XBOX + PC,2025-12-08,11 bit studios,480,
961,Prince Yi – Tiandi Kahraman Görünümü – FOR HONOR,,Каталог,Да,,,,XBOX,2025-12-04,Ubisoft,480,
962,Mount & Blade II: Bannerlord - War Sails,,Каталог,Да,Да,,,XBOX + PC,2025-11-26,TaleWorlds Entertainment,480,
963,Tales of Xillia Remastered,,Каталог,Да,,,,XBOX,2025-10-30,Bandai Namco Entertainment Inc.,480,
964,Tales of Xillia Remastered - Lv. Up+10 (1),,Каталог,Да,,,,XBOX,2025-10-30,Bandai Namco Entertainment Inc.,480,
965,Tales of Xillia Remastered - Lv. Up+10 (2),,Каталог,Да,,,,XBOX,2025-10-30,Bandai Namco Entertainment Inc.,480,
966,Yoshiro the Damned – Orochi Kahraman Görünümü – FOR HONOR,,Каталог,Да,,,,XBOX,2025-10-23,Ubisoft,480,
967,Soulbind: Tales Of The Underworld,,Каталог,,,Да,,PS4,2025-09-05,Axyos Games Entertainment LLC,480,
968,Bir Yüzüklerin Efendisi Oyunu: Tales of the Shire,,Каталог,Да,,,,XBOX,2025-07-29,Private Division,480,
969,Virtuosa - Kahraman - FOR HONOR,,Каталог,Да,,,,XBOX,2025-07-24,Ubisoft,480,
970,Captain Coalheart – Pirate Kahraman Görünümü – FOR HONOR,,Каталог,Да,,,,XBOX,2025-06-12,Ubisoft,480,
971,Warrior Prince - Aramusha Kahraman Görünümü - FOR HONOR,,Каталог,Да,,,,XBOX,2025-04-24,Ubisoft,480,
972,Queen Kalliopi - Gladiator Kahraman Görünümü - FOR HONOR,,Каталог,Да,,,,XBOX,2025-03-13,Ubisoft,480,
973,Khatun - Kahraman - FOR HONOR,,Каталог,Да,,,,XBOX,2025-01-23,Ubisoft,480,
974,Tales of Gracesf Remastered,,Каталог,,,,Да,PS5,2025-01-17,BANDAI NAMCO ENTERTAINMENT EUROPE,480,
975,Tales of Gracesf Remastered - Lv. Up+10 (1),,Каталог,Да,,,,XBOX,2025-01-16,Bandai Namco Entertainment Inc.,480,
976,Tales of Gracesf Remastered - Lv. Up+10 (2),,Каталог,Да,,,,XBOX,2025-01-16,Bandai Namco Entertainment Inc.,480,
977,Ball Cannon,,Каталог,,,,Да,PS5,2025-01-04,Zakym s. r. o.,480,
978,Raft,,Каталог,Да,,,,XBOX,2024-12-03,Axolot Games,480,
979,Skater's Solstice PS4 & PS5,,Каталог,,,,Да,PS5,2024-10-30,eastasiasoft,480,
980,Jujutsu Kaisen Cursed Clash - Kyoto Jujutsu High School Girls' Outfit Set,,Каталог,Да,,,,XBOX,2024-09-25,Bandai Namco Entertainment Inc.,480,
981,"Isolation Instinct: Farming, Craft, Survival",,Каталог,,,Да,,PS4,2024-08-06,404 GAMES LTD,480,
982,The Sims 4 Love & Family Bundle,,Каталог,Да,,,,XBOX,2024-08-05,Electronic Arts,480,
983,Urban Skater - Skateboard Delivery City Challenge,,Каталог,,,Да,,PS4,2024-06-21,GameToTop Corporation LTD,480,
984,Everafter Falls,,Каталог,,,,Да,PS5,2024-06-20,AKUPARA GAMES,480,
985,Jujutsu Kaisen Cursed Clash - Anime Ending Theme 1 Outfit Set,,Каталог,Да,,,,XBOX,2024-05-29,Bandai Namco Entertainment Inc.,480,
986,Jujutsu Kaisen Cursed Clash - Hidden Inventory/Premature Death,,Каталог,Да,,,,XBOX,2024-05-29,Bandai Namco Entertainment Inc.,480,
987,Survive on Raft,,Каталог,Да,Да,,,XBOX + PC,2024-05-22,Megame Studio,480,
988,Dungeon Drafters,,Каталог,,,,Да,PS5,2024-03-14,DANGEN ENTERTAINMENT,480,
989,Session: Skate Sim Year One Edition,,Каталог,,,,Да,PS5,2023-12-21,NACON SA,480,
990,Weedcraft Inc,,Каталог,,,,Да,PS5,2023-11-18,KLABATER,480,
991,Weedcraft Inc & Big Pharm,,Каталог,,,Да,,PS4,2023-09-02,KLABATER,480,
992,Weedcraft Inc & Moonshine Inc Complete Bundle,,Каталог,,,Да,,PS4,2023-08-24,KLABATER,480,
993,Assetto Corsa Competizione 2023 GT World Challenge,,Каталог,Да,,,,XBOX,2023-06-27,505 Games,480,
994,SkateBIRD,,Каталог,,,,Да,PS5,2023-06-01,Glass Bottom Games,480,
995,The Sims 4 Decorator's Dream Bundle,,Каталог,Да,,,,XBOX,2022-10-18,Electronic Arts,480,
996,The Sims 4 Everyday Sims Bundle,,Каталог,Да,,,,XBOX,2022-10-18,Electronic Arts,480,
997,The Sims 4 Pet Lovers Bundle,,Каталог,Да,,,,XBOX,2022-10-18,Electronic Arts,480,
998,Cuphead & The Delicious Last Course,,Каталог,,,Да,,PS4,2022-06-30,StudioMDHR Entertainment,480,
999,SnowRunner,,Каталог,,,,Да,PS5,2022-05-31,Focus Entertainment,480,
1000,Witchcrafty,,Каталог,,,,Да,PS5,2021-07-20,EVGENIY KOLPAKOV,480,
1001,Farming Simulator 19 (Windows 10),,Каталог,,Да,,,XBOX(PC),2021-07-15,GIANTS Software GmbH,480,
1002,Watch Dogs: Legion - Bloodline,,Каталог,Да,,,,XBOX,2021-07-06,UBISOFT,480,
1003,Chivalry 2 PS4 & PS5,,Каталог,Да,,,Да,XBOX | PS5,2021-06-08,TRIPWIRE INTERACTIVE,480,
1004,Skate City,,Каталог,,,Да,,PS4,2021-05-06,BUILT BY SNOWMAN INC,480,
1005,Cuphead,,Каталог,,,Да,,PS4,2020-07-28,StudioMDHR Entertainment,480,
1006,Aircraft Evolution,,Каталог,,,Да,,PS4,2020-07-22,EVGENIY KOLPAKOV,480,
1007,The Sims 4 Eco Lifestyle,,Каталог,Да,,,,XBOX,2020-06-05,Electronic Arts,480,
1008,The Sims 4 Cats & Dogs Plus My First Pet Stuff Bundle,,Каталог,Да,,,,XBOX,2020-03-31,Electronic Arts,480,
1009,The Sims 4 Discover University,,Каталог,Да,,,,XBOX,2019-12-17,Electronic Arts,480,
1010,The Sims 4 Realm of Magic,,Каталог,Да,,,,XBOX,2019-10-15,Electronic Arts,480,
1011,Lovecraft´s Untold Stories,,Каталог,,,Да,,PS4,2019-05-10,Fulqrum Publishing Ltd.,480,
1012,Domino Craft VR,,Каталог,,,Да,,PS4,2018-08-28,,480,
1013,Unravel Two,,Каталог,,,Да,,PS4,2018-06-09,EA Swiss Sarl,480,
1014,Tesla vs Lovecraft,,Каталог,,,Да,,PS4,2018-03-14,10Tons Ltd.,480,
1015,Farming Simulator 17 - Platinum Edition,,Каталог,,,Да,,PS4,2017-11-14,GIANTS SOFTWARE GMBH,480,
1016,Until Dawn: Rush of Blood,,Каталог,,,Да,,PS4,2017-01-24,Sony Interactive Entertainment,480,
1017,Assetto Corsa,,Каталог,,,Да,,PS4,2016-08-26,505 GAMES S.R.L.,480,
1018,Unravel,,Каталог,,,Да,,PS4,2016-02-09,EA Swiss Sarl,480,
1019,Farming Simulator 16,,Каталог,,,,Да,PS5,2015-10-07,Focus Entertainment,480,
1020,Farming Simulator 15,,Каталог,,,Да,,PS4,2015-05-19,GIANTS SOFTWARE GMBH,480,
1021,Dragon Age: Инквизиция,,Каталог,,,Да,,PS4,2014-11-20,EA Swiss Sarl,480,
1022,Descenders Next (Oyun ön izleme),,Предзаказ,Да,Да,,,XBOX + PC,9998-12-30,No More Robots,460,
1023,Bus Simulator 27,,Предзаказ,Да,Да,,,XBOX + PC,2026-09-08,astragon Entertainment,460,
1024,Bus Simulator 27 - Year 1 Edition,,Предзаказ,Да,Да,,,XBOX + PC,2026-09-03,astragon Entertainment,460,
1025,Cult of the Lamb - Woolhaven,,Каталог,Да,,,,XBOX,2026-01-22,Devolver Digital,460,
1026,Cult of the Lamb: The One Who Waits,,Каталог,,,,Да,PS5,2026-01-22,Devolver Digital,460,
1027,Cult of the Lamb: Woolhaven Edition,,Каталог,,,,Да,PS5,2026-01-22,Devolver Digital,460,
1028,Goat Simulator 3 – Baadlands: Furry Road,,Каталог,Да,,,,XBOX,2025-11-19,Coffee Stain Publishing AB,460,
1029,BALL x PIT,,Каталог,Да,Да,,,XBOX + PC,2025-10-15,Devolver Digital,460,
1030,Dirt Racing Bundle 4 in 1,,Каталог,Да,Да,,Да,XBOX + PC | PS5,2025-10-03,Super Power Up Games,460,
1031,Planet Coaster 2: Bonus Oyuncak Koleksiyonu,,Каталог,Да,Да,,,XBOX + PC,2025-09-29,Frontier Developments,460,
1032,Demon Slayer -Kimetsu no Yaiba- The Hinokami Chronicles 2,,Каталог,Да,,,,XBOX,2025-08-05,SEGA,460,
1033,Dirt Bike Retro,,Каталог,Да,,Да,,XBOX | PS4,2025-06-20,Gametry sp. z o. o.,460,
1034,Cult of the Lamb: Unholy Edition,,Каталог,Да,,,Да,XBOX | PS5,2024-10-31,Devolver Digital,460,
1035,Cult of the Lamb: Sinful Edition,,Каталог,Да,,,Да,XBOX | PS5,2024-07-25,Devolver Digital,460,
1036,RiMS Racing x WRC 10,,Каталог,Да,,,,XBOX,2024-06-11,Nacon,460,
1037,Hellblade II: Senua's Saga,,Каталог,Да,Да,,,XBOX + PC,2024-05-21,Xbox Games Studios,460,
1038,DAVE THE DIVER,,Каталог,,,,Да,PS5,2024-04-16,Mintrocket,460,
1039,Dead Cells: Medley of Pain Bundle,,Каталог,Да,Да,,Да,XBOX + PC | PS5,2023-03-06,MOTION TWIN SARL,460,
1040,Wo Long: Fallen Dynasty,,Каталог,Да,Да,,Да,XBOX + PC | PS5,2023-03-03,KOEI TECMO EUROPE,460,
1041,Goat Simulator 3,,Каталог,Да,,,Да,XBOX | PS5,2022-11-17,COFFEE STAIN PUBLISHING AB,460,
1042,WRC Generations - Fully Loaded Edition,,Каталог,,,,Да,PS5,2022-11-03,NACON SA,460,
1043,WRC Generations - The FIA WRC Official Game,,Каталог,Да,,,,XBOX,2022-11-03,Nacon,460,
1044,WRC Generations Fully Loaded Edition,,Каталог,Да,,,,XBOX,2022-11-03,Nacon,460,
1045,WRC Generations – The FIA WRC Official Game,,Каталог,,,,Да,PS5,2022-11-03,NACON SA,460,
1046,Cult of the Lamb,,Каталог,Да,,,Да,XBOX | PS5,2022-08-11,Devolver Digital,460,
1047,The Quarry для PS4,,Каталог,,,Да,,PS4,2022-06-10,2K,460,
1048,Xbox Series X|S için The Quarry,,Каталог,Да,,,,XBOX,2022-06-09,2K,460,
1049,Demon Slayer -Kimetsu no Yaiba- The Hinokami Chronicles,,Каталог,Да,,,Да,XBOX | PS5,2021-10-15,SEGA EUROPE LTD,460,
1050,Conan Exiles – Isle of Siptah Edition,,Каталог,,,Да,,PS4,2021-05-27,Funcom Oslo AS,460,
1051,Overcooked! All You Can Eat,,Каталог,Да,,,Да,XBOX | PS5,2020-11-10,Team17,460,
1052,Just Cause 4 — Полное издание,,Каталог,,,Да,,PS4,2019-11-07,Square Enix LTD,460,
1053,Just Cause 4: Новая обойма,,Каталог,,,Да,,PS4,2019-11-07,Square Enix LTD,460,
1054,Just Cause 3: XXL Edition,,Каталог,,,Да,,PS4,2018-11-14,Square Enix LTD,460,
1055,Dead Rising 4: Frank's Big Package,,Каталог,,,Да,,PS4,2017-12-05,CE EUROPE LIMITED,460,
1056,WRC 7 FIA World Rally Championship,,Каталог,,,Да,,PS4,2017-09-15,NACON SA,460,
1057,Hellblade: Senua’s Sacrifice,,Каталог,,,Да,,PS4,2017-08-08,NINJA THEORY LIMITED,460,
1058,WRC 6 FIA World Rally Championship,,Каталог,,,Да,,PS4,2016-10-07,NACON SA,460,
1059,DEAD RISING 2,,Каталог,,,Да,,PS4,2016-09-13,CE EUROPE LIMITED,460,
1060,DEAD RISING 2 Off The Record,,Каталог,,,Да,,PS4,2016-09-13,CE EUROPE LIMITED,460,
1061,WRC 5 eSports Edition,,Каталог,,,Да,,PS4,2016-04-07,NACON SA,460,
1062,Just Cause 3,,Каталог,,,Да,,PS4,2015-12-01,Square Enix LTD,460,
1063,DIVINITY ORIGINAL SIN - ENHANCED EDITION,,Каталог,,,Да,,PS4,2015-10-27,Focus Entertainment,460,
1064,WRC 5 FIA World Rally Championship,,Каталог,,,,Да,PS5,2015-10-13,Bigben Interactive,460,
1065,Truck Simulator Cargo Driver 2025 - EURO,,Каталог,Да,Да,,,XBOX + PC,2026-01-09,THE MIDNIGHT,440,
1066,PowerWash Simulator 2,,Каталог,Да,Да,,,XBOX + PC,2025-10-23,FuturLab Limited,440,
1067,Truck Simulator 2025: City Work Delivery,,Каталог,,,Да,,PS4,2025-07-17,Play Games LTD,440,
1068,Truck Simulator 25: Euro Driver,,Каталог,,,Да,,PS4,2025-05-06,GOOSE GAME LTD,440,
1069,A Blackout Protocol Report,,Каталог,,,Да,,PS4,2025-04-28,Croissant Games SAS,440,
1070,Maisons de repos,,Каталог,,,Да,,PS4,2025-02-27,Joanne Hamer,440,
1071,The Crucible Lord – Centurion Kahraman Görünümü – FOR HONOR,,Каталог,Да,,,,XBOX,2024-10-24,Ubisoft,440,
1072,Euro Truck Sim Driver Simulator 24 - Garbage,,Каталог,,,Да,,PS4,2024-10-23,DEZVOLT APP & IDEI SRL,440,
1073,LOLLIPOP CHAINSAW RePOP,,Каталог,Да,,Да,,XBOX | PS4,2024-09-12,"Dragami Games, Ltd.",440,
1074,Ezio Auditore – Peacekeeper Kahraman Görünümü – FOR HONOR,,Каталог,Да,,,,XBOX,2024-04-25,Ubisoft,440,
1075,Tales of Kenzera: ZAU,,Каталог,Да,,,,XBOX,2024-04-23,Electronic Arts,440,
1076,FOR HONOR – Eksiksiz Sürüm,,Каталог,Да,,,,XBOX,2024-03-14,Ubisoft,440,
1077,Unsung Knight – Warden Kahraman Görünümü – FOR HONOR,,Каталог,Да,,,,XBOX,2024-03-14,Ubisoft,440,
1078,Expeditions: A MudRunner Game,,Каталог,Да,,,Да,XBOX | PS5,2024-03-05,Focus Entertainment,440,
1079,The Tales of Bayun,,Каталог,,,Да,,PS4,2024-02-09,Samustai LTD,440,
1080,Varangan Muhafızı - Kahraman - For Honor,,Каталог,Да,,,,XBOX,2024-02-01,Ubisoft,440,
1081,For Honor - Kahraman - Ocelotl,,Каталог,Да,,,,XBOX,2023-07-27,UBISOFT,440,
1082,Tales of the Neon Sea,,Каталог,,,Да,,PS4,2023-04-21,"Thermite Games Co., Ltd.",440,
1083,B CANNON,,Каталог,,,Да,,PS4,2023-04-19,Xitilon,440,
1084,Anno 1800 Konsol Sürümü,,Каталог,Да,,,,XBOX,2023-04-16,UBISOFT,440,
1085,Cannon Dancer - Osman,,Каталог,,,Да,,PS4,2023-04-13,ININ,440,
1086,Anno 1800 Console Edition - Deluxe,,Каталог,,,,Да,PS5,2023-03-16,Ubisoft,440,
1087,The Dark Pictures: Switchback VR,,Каталог,,,,Да,PS5,2023-03-16,Supermassive Games Ltd,440,
1088,CANNON ARMY,,Каталог,,,Да,,PS4,2023-02-24,Benoit Varasse trading as Pix Arts,440,
1089,Tales of Symphonia Remastered,,Каталог,,,Да,,PS4,2023-02-17,BANDAI NAMCO ENTERTAINMENT EUROPE,440,
1090,Chivalry 2 King's Edition PS4 & PS5,,Каталог,,,,Да,PS5,2022-11-17,TRIPWIRE INTERACTIVE,440,
1091,Mount & Blade II: Bannerlord,,Каталог,,,Да,,PS4,2022-10-25,TALEWORLDS ENTERTAINMENT,440,
1092,Gas Station Simulator,,Новинка,Да,,Да,,XBOX | PS4,2022-10-20,MD Games S.A.,440,
1093,Saints Row PS4&PS5,,Каталог,Да,,,Да,XBOX | PS5,2022-08-23,Deep Silver,440,catalog
1094,Samurai Aces III: Sengoku Cannon,,Каталог,,,Да,,PS4,2022-07-27,"CITY-CONNECTION CO., LTD.",440,
1095,Tales of Aravorn: Seasons of the Wolf PS4 & PS5,,Каталог,,,,Да,PS5,2022-06-17,RATALAIKA GAMES SL,440,
1096,ANNO: Mutationem Collector's Edition PS4 & PS5,,Каталог,,,,Да,PS5,2022-03-17,"Thinkingstars(Beijing)Technology Development Co.,Ltd.",440,
1097,Lord Ramiel – Warden Kahraman Görünümü – FOR HONOR,,Каталог,Да,,,,XBOX,2022-03-17,Ubisoft,440,
1098,For Honor Kyoshin Kahramanı,,Каталог,Да,,,,XBOX,2021-07-22,UBISOFT,440,
1099,Saints Row: The Third Remastered,,Каталог,,,,Да,PS5,2021-05-25,Deep Silver,440,
1100,ON THE ROAD - The Truck Simulator,,Каталог,Да,,,Да,XBOX | PS5,2021-02-11,AEROSOFT GMBH,440,
1101,Gryphon – Kahraman – FOR HONOR,,Каталог,Да,,,,XBOX,2020-12-10,Ubisoft,440,
1102,For Honor - Warmonger Hero,,Каталог,Да,,,,XBOX,2020-08-06,UBISOFT,440,
1103,Frostpunk: Console Edition,,Каталог,,,Да,,PS4,2019-10-11,11 Bit Studios S.A.,440,
1104,Guns Gore and Cannoli 2,,Каталог,,,Да,,PS4,2018-08-14,ROGUESIDE,440,
1105,Airheart - Tales of broken Wings,,Каталог,,,Да,,PS4,2018-07-24,BLINDFLUG STUDIOS,440,
1106,Tales of the Tiny Planet,,Каталог,,,Да,,PS4,2018-06-19,PIXELSPLIT,440,
1107,Tales of Berseria,,Каталог,,,Да,,PS4,2017-01-27,BANDAI NAMCO ENTERTAINMENT EUROPE,440,
1108,Clockwork Tales: Of Glass and Ink,,Каталог,,,Да,,PS4,2016-11-29,ARTIFEX MUNDI S.A.,440,
1109,Mount & Blade: Warband,,Каталог,,,Да,,PS4,2016-09-16,TALEWORLDS ENTERTAINMENT,440,
1110,Cannon Brawl,,Каталог,,,Да,,PS4,2016-08-03,BLITWORKS SL,440,
1111,"Guns, Gore and Cannoli",,Каталог,,,Да,,PS4,2015-12-08,ROGUESIDE,440,
1112,Tales of Zestiria - цифровое стандартное издание,,Каталог,,,Да,,PS4,2015-10-16,BANDAI NAMCO ENTERTAINMENT EUROPE,440,
1113,Saints Row IV: Re-Elected,,Каталог,,,Да,,PS4,2015-01-23,Deep Silver,440,
1114,Saints Row IV: Re-Elected & Gat out of Hell,,Каталог,,,Да,,PS4,2015-01-23,Deep Silver,440,
1115,Saints Row: Gat out of Hell,,Каталог,,,Да,,PS4,2015-01-23,Deep Silver,440,
1116,Saints Row IV Game of the Century Edition,,Каталог,,,,Да,PS5,2014-10-22,Deep Silver,440,
1117,MotoGP26,,Новинка,Да,Да,,,XBOX + PC,2026-04-28,Milestone S.r.l.,420,
1118,Midway Supermarket Simulator: Grocery Store Tycoon,,Каталог,Да,Да,,,XBOX + PC,2025-12-22,Verve Studio,420,
1119,Supermarket Simulator - Horror Escape,,Каталог,Да,Да,,,XBOX + PC,2025-12-15,Sim Games,420,
1120,Supermarket Simulator 2026,,Каталог,,,Да,,PS4,2025-11-05,"""Oriplay"" S.R.L.",420,
1121,The Jackbox Big Bang Bundle,,Каталог,,,,Да,PS5,2025-10-23,"JACKBOX GAMES, INC.",420,
1122,The Jackbox Party Pack 11,,Каталог,,,,Да,PS5,2025-10-23,"JACKBOX GAMES, INC.",420,
1123,Supermarket Simulator,,Каталог,Да,Да,,,XBOX + PC,2025-10-08,NAISU,420,
1124,Stellaris: Shadows of the Shroud,,Каталог,,Да,,,XBOX(PC),2025-09-22,Paradox Interactive,420,
1125,Crusader Kings III: Coronations,,Каталог,,Да,,,XBOX(PC),2025-09-09,Paradox Interactive,420,
1126,SHINOBI: Art of Vengeance,,Каталог,Да,,,,XBOX,2025-08-29,SEGA,420,
1127,Sex Shop Supermarket Simulator,,Каталог,,,Да,,PS4,2025-06-17,Play Games LTD,420,
1128,Stellaris: BioGenesis,,Каталог,,Да,,,XBOX(PC),2025-05-05,Paradox Interactive,420,
1129,Towerborne,,Каталог,Да,Да,,,XBOX + PC,2025-04-29,Xbox Game Studios,420,
1130,Crusader Kings III: Khans of the Steppe,,Каталог,,Да,,,XBOX(PC),2025-04-28,Paradox Interactive,420,
1131,Monster Energy Supercross 25 X Monster Jam Showdown - Dirt Master Edition,,Каталог,Да,,,,XBOX,2025-04-09,Milestone S.r.l.,420,
1132,Crusader Kings III: 2025 Community Creations,,Каталог,,Да,,,XBOX(PC),2025-02-25,Paradox Interactive,420,
1133,The Jackbox Naughty and Nice Bundle,,Каталог,,,,Да,PS5,2025-01-13,"JACKBOX GAMES, INC.",420,
1134,Nine Sols,,Каталог,Да,Да,,Да,XBOX + PC | PS5,2024-11-26,Red Candle Games,420,
1135,Planet Coaster 2,,Каталог,Да,Да,,,XBOX + PC,2024-11-06,Frontier Developments,420,
1136,World of Outlaws: Dirt Racing 24,,Каталог,Да,,,Да,XBOX | PS5,2024-09-17,"iRacing.com Motorsport Simulations, LLC",420,
1137,Goat Simulator 3 - Multiversal Traveler's Edition,,Каталог,,,,Да,PS5,2024-06-19,COFFEE STAIN PUBLISHING AB,420,
1138,Dead Cells (PS4 & PS5),,Каталог,,,,Да,PS5,2023-06-29,MOTION TWIN SARL,420,
1139,Dead Cells: Return to Castlevania Bundle,,Каталог,,,,Да,PS5,2023-06-29,MOTION TWIN SARL,420,
1140,Cult of the Lamb: Heretic Edition,,Каталог,,,,Да,PS5,2023-05-24,Devolver Digital,420,
1141,Cult of the Lamb: Cultist Edition,,Каталог,,,,Да,PS5,2022-08-24,Devolver Digital,420,
1142,Demon Slayer -Kimetsu no Yaiba- The Hinokami Chronicles Character Pass,,Каталог,Да,,,,XBOX,2022-07-14,SEGA,420,
1143,Kill It With Fire: Exterminator Edition,,Каталог,,,Да,,PS4,2022-07-07,TINYBUILD LLC,420,
1144,Crusader Kings III: Royal Edition,,Каталог,Да,,,Да,XBOX | PS5,2022-03-29,Paradox Interactive,420,
1145,Riders Republic PS4 & PS5,,Каталог,,Да,,Да,XBOX(PC) | PS5,2021-10-28,Ubisoft,420,
1146,DIRT 5 Year One Edition,,Каталог,Да,Да,,Да,XBOX + PC | PS5,2020-12-15,Codemasters,420,
1147,Planet Coaster: Издание для консолей,,Каталог,Да,,,Да,XBOX | PS5,2020-11-12,FRONTIER DEVELOPMENTS PLC,420,catalog
1148,Planet Coaster: Подарочное издание PS4 & PS5,,Каталог,,,,Да,PS5,2020-11-12,FRONTIER DEVELOPMENTS PLC,420,
1149,Overcooked! 2 - Gourmet Edition,,Каталог,,,Да,,PS4,2020-04-07,Team 17 Digital LTD,420,
1150,L.A. Noire: The VR Case Files,,Каталог,,,Да,,PS4,2019-09-24,Rockstar Games,420,
1151,Overcooked! 2,,Каталог,,,Да,,PS4,2018-08-07,Team 17 Digital LTD,420,
1152,Goat Simulator: The GOATY,,Каталог,,,Да,,PS4,2017-12-19,Double Eleven Limited,420,
1153,OKAMI HD,,Каталог,,,Да,,PS4,2017-12-12,CE EUROPE LIMITED,420,
1154,Overcooked Holiday Bundle,,Каталог,,,Да,,PS4,2016-12-06,Team 17 Digital LTD,420,
1155,Overcooked: Gourmet Edition,,Каталог,,,Да,,PS4,2016-11-15,Team 17 Digital LTD,420,
1156,Overcooked,,Каталог,,,Да,,PS4,2016-08-03,Team 17 Digital LTD,420,
1157,Goat Simulator,,Каталог,,,,Да,PS5,2015-08-12,Double Eleven Limited,420,
1158,Bus Simulator 2026,,Новинка,Да,Да,,,XBOX + PC,2026-06-01,Digital Captain,400,
1159,City Bus Manager - Holiday Resorts & Sightseeing Buses,,Новинка,Да,,,,XBOX,2026-05-28,Aerosoft GmbH,400,
1160,Bus Simulator Racing Multiplayer Game,,Новинка,Да,Да,,,XBOX + PC,2026-05-27,Game Hub LLC,400,
1161,Bus Simulator : World Tour & EVO,,Новинка,,,,Да,PS5,2026-04-28,SC OVILEX SOFT SRL,400,
1162,MX vs ATV Legends - 2026 Track Pass,,Новинка,Да,,,,XBOX,2026-04-21,THQ Nordic GmbH,400,
1163,Darkest Dungeon II: Resolute Edition PS4 & PS5,,Каталог,,,,Да,PS5,2025-12-01,RED HOOK STUDIOS,400,
1164,MX vs ATV Legends - 2025 Monster Energy Supercross Edition,,Каталог,Да,,,Да,XBOX | PS5,2025-06-17,THQ NORDIC GMBH,400,
1165,House Flipper - Dine Out Bundle,,Каталог,,,Да,,PS4,2024-11-30,Frozen District,400,
1166,House Flipper: All-in-One Bundle,,Каталог,,,Да,,PS4,2024-05-17,Frozen District,400,
1167,Food Truck Simulator,,Каталог,,,Да,,PS4,2024-04-23,ULTIMATE GAMES,400,
1168,Pathfinder: Wrath of the Righteous - Enhanced Edition,,Каталог,Да,,,Да,XBOX | PS5,2024-03-28,Postmeta Games Limited,400,
1169,Expeditions: A MudRunner Game - Supreme Edition (PS4 & PS5),,Каталог,,,,Да,PS5,2024-03-01,Focus Entertainment,400,
1170,Expeditions: A MudRunner Game - Year 1 Edition (PS4 & PS5),,Каталог,,,,Да,PS5,2024-03-01,Focus Entertainment,400,
1171,House Flipper - Farm Bundle,,Каталог,,,Да,,PS4,2023-10-21,Frozen District,400,
1172,House Flipper - Farm Pets Bundle,,Каталог,,,Да,,PS4,2023-10-21,Frozen District,400,
1173,Offroad Truck Simulator: Heavy Duty Challenge,,Каталог,Да,,,,XBOX,2023-09-14,Aerosoft GmbH,400,
1174,House Flipper VR,,Каталог,,,Да,,PS4,2023-08-11,Frozen Way S.A.,400,
1175,Bonfire Peaks: полный выпуск,,Каталог,,,Да,,PS4,2023-02-09,Draknek Limited,400,
1176,House Flipper - Pets Bundle,,Каталог,,,Да,,PS4,2023-02-02,Frozen District,400,
1177,House Flipper - Luxury,,Каталог,Да,Да,,,XBOX + PC,2022-11-25,Frozen District,400,
1178,House Flipper - Luxury Garden Bundle,,Каталог,,,Да,,PS4,2022-11-25,Frozen District,400,
1179,Total War: THREE KINGDOMS,,Каталог,,Да,,,XBOX(PC),2022-06-21,SEGA Europe Ltd,400,
1180,Granblue Fantasy: Versus,,Каталог,,,Да,,PS4,2021-12-14,Marvelous Europe Limited,400,
1181,Wind Peaks,,Каталог,,,Да,,PS4,2021-10-27,Actoon Studio®,400,
1182,Bonfire Peaks,,Каталог,,,,Да,PS5,2021-09-30,Draknek Limited,400,
1183,Solitaire Tripeaks Flowers,,Каталог,,,Да,,PS4,2021-08-25,Inlogic Software s.r.o.,400,
1184,Disco Elysium - The Final Cut,,Каталог,,,,Да,PS5,2021-03-30,Disco Elysium UK Ltd t/a ZA/UM,400,
1185,This is the Zodiac Speaking,,Каталог,,,Да,,PS4,2020-10-15,ULTIMATE GAMES,400,
1186,Disaster Report 4: Summer Memories,,Каталог,,,Да,,PS4,2020-04-21,NIS America,400,
1187,House Flipper,,Каталог,,,Да,,PS4,2020-02-25,Frozen District,400,
1188,MudRunner - American Wilds Edition,,Каталог,,,Да,,PS4,2018-10-23,Focus Entertainment,400,
1189,MudRunner,,Каталог,,,Да,,PS4,2017-10-31,Focus Entertainment,400,
1190,XCOM: Enemy Unknown Plus,,Каталог,,,,Да,PS5,2016-03-22,2K,400,
1191,XCOM: Enemy Within,,Каталог,,,,Да,PS5,2013-11-13,2K,400,
1192,The Plucky Squire x The Swords of Ditto: Mormo's Curse Bundle,,Каталог,,,,Да,PS5,2025-07-17,Devolver Digital,380,
1193,Still Wakes the Deep: Siren’s Rest,,Каталог,Да,Да,,,XBOX + PC,2025-06-18,Secret Mode,380,
1194,Stellaris: Galactic Paragons,,Каталог,Да,,,,XBOX,2024-11-21,Paradox Interactive,380,
1195,Crusader Kings III: Tours & Tournaments,,Каталог,Да,,,,XBOX,2024-11-18,Paradox Interactive,380,
1196,NINJA KAMUI: SHINOBI ORIGINS,,Каталог,,,Да,,PS4,2024-11-14,RAINMAKER PRODUCTIONS Inc.,380,
1197,MORDHAU - Diamond Edition,,Каталог,Да,,,,XBOX,2024-11-06,Triternion,380,
1198,Crusader Kings III: Wandering Nobles,,Каталог,,Да,,,XBOX(PC),2024-11-04,Paradox Interactive,380,
1199,Blasphemous 2 - Mea Culpa,,Каталог,Да,,,,XBOX,2024-10-31,Team17,380,
1200,Stellaris: Grand Archive,,Каталог,,Да,,,XBOX(PC),2024-10-29,Paradox Interactive,380,
1201,The Jackbox Survey Scramble,,Каталог,,,,Да,PS5,2024-10-24,"JACKBOX GAMES, INC.",380,
1202,Europa Universalis IV - Ultimate Bundle,,Каталог,,Да,,,XBOX(PC),2024-10-10,Paradox Interactive,380,
1203,Crusader Kings III: Roads to Power,,Каталог,,Да,,,XBOX(PC),2024-09-24,Paradox Interactive,380,
1204,The Jackbox Naughty Pack,,Каталог,,,,Да,PS5,2024-09-12,"JACKBOX GAMES, INC.",380,
1205,Drag Racing Professionals: Dirt Mechanic Simulator,,Каталог,,,Да,,PS4,2024-08-13,404 GAMES LTD,380,
1206,The Jackbox Quintpack 2.0,,Каталог,,,Да,,PS4,2024-02-22,"JACKBOX GAMES, INC.",380,
1207,Banishers: Ghosts of New Eden,,Каталог,Да,Да,,,XBOX + PC,2024-02-13,Focus Entertainment,380,
1208,Crusader Kings III: Fate of Iberia,,Каталог,Да,,,,XBOX,2023-12-05,Paradox Interactive,380,
1209,The Jackbox Party Pack 10,,Каталог,,,,Да,PS5,2023-10-19,"JACKBOX GAMES, INC.",380,
1210,SHINOBI NON GRATA,,Каталог,,,Да,,PS4,2023-08-17,"FLYHIGH WORKS CO., LTD.",380,
1211,The Jackbox Party Bundle,,Каталог,,,Да,,PS4,2023-05-29,"JACKBOX GAMES, INC.",380,
1212,The Jackbox Party Trilogy 3.0,,Каталог,,,Да,,PS4,2023-05-25,"JACKBOX GAMES, INC.",380,
1213,Crusader Kings III: Royal Court,,Каталог,Да,,,,XBOX,2023-05-17,Paradox Interactive,380,
1214,The Jackbox Party Pack Trilogy,,Каталог,,,Да,,PS4,2023-05-12,"JACKBOX GAMES, INC.",380,
1215,The Jackbox Party Quadpack,,Каталог,,,Да,,PS4,2023-05-12,"JACKBOX GAMES, INC.",380,
1216,The Jackbox Party Quintpack,,Каталог,,,Да,,PS4,2023-05-12,"JACKBOX GAMES, INC.",380,
1217,Crusader Kings III: Northern Lords,,Каталог,Да,,,,XBOX,2022-11-17,Paradox Interactive,380,
1218,The Jackbox Party Pack 9,,Каталог,,,,Да,PS5,2022-10-20,"JACKBOX GAMES, INC.",380,
1219,Dirt Journey: Nitro,,Каталог,,,Да,,PS4,2022-09-25,Klovako s. r. o.,380,
1220,The Jackbox Party Starter,,Каталог,,,,Да,PS5,2022-06-30,"JACKBOX GAMES, INC.",380,
1221,Crusader Kings III,,Каталог,,,,Да,PS5,2022-03-29,PARADOX INTERACTIVE AB,380,
1222,Crusader Kings III: Chapter I,,Каталог,Да,,,,XBOX,2022-03-29,Paradox Interactive,380,
1223,Among Us,,Каталог,,,,Да,PS5,2021-12-14,Innersloth LLC,380,
1224,The Jackbox Party Pack 7,,Каталог,,,,Да,PS5,2021-11-25,"JACKBOX GAMES, INC.",380,
1225,The Jackbox Party Pack 8,,Каталог,,,,Да,PS5,2021-10-14,"JACKBOX GAMES, INC.",380,
1226,Stellaris: Federations,,Каталог,Да,,,,XBOX,2021-06-17,Paradox Interactive,380,
1227,Chess Knights: Shinobi,,Каталог,,,Да,,PS4,2021-05-18,QUBYTE INTERACTIVE,380,
1228,Wreckfest PlayStation5 Version,,Каталог,,,,Да,PS5,2021-05-04,THQ NORDIC GMBH,380,
1229,Stellaris: MegaCorp,,Каталог,Да,,,,XBOX,2021-01-26,Paradox Interactive,380,
1230,DIRT 5 PS4 & PS5,,Каталог,,,,Да,PS5,2020-11-12,ELECTRONIC ARTS,380,
1231,The Jackbox Party Trilogy 2.0,,Каталог,,,Да,,PS4,2020-06-12,"JACKBOX GAMES, INC.",380,
1232,Europa Universalis IV - Microsoft Store Edition,,Каталог,,Да,,,XBOX(PC),2019-12-04,Paradox Interactive,380,
1233,The Jackbox Party Pack 6,,Каталог,,,Да,,PS4,2019-10-23,"JACKBOX GAMES, INC.",380,
1234,CODE VEIN,,Каталог,,,Да,,PS4,2019-09-27,BANDAI NAMCO ENTERTAINMENT EUROPE,380,
1235,Blasphemous,,Каталог,,,Да,,PS4,2019-09-10,Team 17 Digital LTD,380,
1236,DiRT Rally 2.0 - Game of the Year Edition,,Каталог,,,Да,,PS4,2019-08-28,ELECTRONIC ARTS,380,
1237,Wreckfest: Drive Hard. Die Last.,,Каталог,,,Да,,PS4,2019-08-27,THQ NORDIC GMBH,380,
1238,Mega Man 11,,Каталог,,,Да,,PS4,2018-10-02,CE EUROPE LIMITED,380,
1239,Mega Man 30th Anniversary Bundle,,Каталог,,,Да,,PS4,2018-10-02,CE EUROPE LIMITED,380,
1240,Celeste,,Каталог,,,Да,,PS4,2018-01-25,Maddy Makes Games Inc.,380,
1241,The Jackbox Party Pack 2,,Каталог,,,,Да,PS5,2015-10-21,"JACKBOX GAMES, INC.",380,
1242,The Wolf Among Us,,Каталог,,,Да,,PS4,2014-11-07,Telltale,380,
1243,Recycling Center Simulator & Thief Simulator,,Каталог,,,Да,,PS4,2025-09-08,PLAYWAY S.A,360,
1244,SWORD ART ONLINE Fractured Daydream - Symphony of a Dazzling Dawn,,Каталог,Да,,,,XBOX,2025-07-23,Bandai Namco Entertainment Inc.,360,
1245,Crime Scene Cleaner & Thief Simulator,,Каталог,,,,Да,PS5,2025-07-14,PLAYWAY S.A,360,
1246,Prison Simulator & Thief Simulator,,Каталог,,,Да,,PS4,2025-06-20,PLAYWAY S.A,360,
1247,Robin Hood - Sherwood Builders & Thief Simulator,,Каталог,,,,Да,PS5,2025-06-20,PLAYWAY S.A,360,
1248,MX vs ATV Legends - 2024 & 2025 Monster Energy Supercross Bundle,,Каталог,Да,,,,XBOX,2025-06-17,THQ Nordic,360,
1249,Car Mechanic Simulator 2021 & Thief Simulator,,Каталог,Да,,,,XBOX,2025-06-13,PlayWay S.A.,360,
1250,Thief Simulator & Prison Simulator,,Каталог,Да,,,,XBOX,2025-06-13,PlayWay S.A.,360,
1251,Tribe: Primitive Builder & Thief Simulator,,Каталог,Да,,,,XBOX,2025-05-27,PlayWay S.A.,360,
1252,MotoGP25 - Xbox One,,Каталог,Да,,,,XBOX,2025-04-29,Milestone S.r.l.,360,
1253,MX vs ATV Legends - 2025 Monster Energy Supercross Championship,,Каталог,Да,,,,XBOX,2025-04-29,THQ Nordic,360,
1254,Polterguys: Possession Party,,Каталог,,,Да,,PS4,2025-04-17,Amplified Games Ltd,360,
1255,Drug Dealer Simulator,,Каталог,Да,,,,XBOX,2025-04-16,Ultimate Games S.A.,360,
1256,Monster Energy Supercross 25 - Experience Multiplier,,Каталог,Да,,,,XBOX,2025-04-09,Milestone S.r.l.,360,
1257,Monster Energy Supercross 25 - Special Edition,,Каталог,Да,,,,XBOX,2025-04-09,Milestone S.r.l.,360,
1258,Monster Energy Supercross 25 - The Official Video Game,,Каталог,Да,,,,XBOX,2025-04-09,Milestone S.r.l.,360,
1259,Kunitsu-Gami: Path of the Goddess,,Каталог,Да,Да,,Да,XBOX + PC | PS5,2024-07-18,"CAPCOM CO., LTD.",360,
1260,Darkest Dungeon II PS4 & PS5,,Каталог,,,,Да,PS5,2024-07-15,RED HOOK STUDIOS,360,
1261,Darkest Dungeon II: Oblivion Edition PS4 & PS5,,Каталог,,,,Да,PS5,2024-07-15,RED HOOK STUDIOS,360,
1262,MotoGP23,,Каталог,Да,,,Да,XBOX | PS5,2023-06-07,MILESTONE SRL,360,
1263,Monster Energy Supercross - The Official Videogame 6,,Каталог,Да,,,Да,XBOX | PS5,2023-03-08,MILESTONE SRL,360,
1264,Monster Energy Supercross - The Official Videogame 5,,Каталог,Да,,,Да,XBOX | PS5,2022-03-16,Milestone S.r.l.,360,
1265,Monster Energy Supercross 5 - Special Edition,,Каталог,Да,,,Да,XBOX | PS5,2022-03-14,MILESTONE SRL,360,
1266,Psychonauts 2,,Каталог,Да,Да,,,XBOX + PC,2021-08-25,Xbox Game Studios,360,
1267,MotoGP21,,Каталог,Да,,Да,,XBOX | PS4,2021-04-21,Milestone S.r.l.,360,
1268,Monster Energy Supercross 4 - Special Edition,,Каталог,Да,,,Да,XBOX | PS5,2021-03-08,Milestone S.r.l.,360,
1269,MotoGP20,,Каталог,Да,Да,Да,,XBOX + PC | PS4,2020-04-22,MILESTONE SRL,360,
1270,Monster Energy Supercross - The Official Videogame 3,,Каталог,Да,,Да,,XBOX | PS4,2020-02-03,Milestone S.r.l.,360,
1271,Monster Energy Supercross 3 - Special Edition,,Каталог,Да,,Да,,XBOX | PS4,2020-02-03,MILESTONE SRL,360,
1272,Darkest Dungeon: Ancestral Edition,,Каталог,,,Да,,PS4,2019-09-09,RED HOOK STUDIOS,360,
1273,Titan Quest,,Каталог,,,Да,,PS4,2018-03-20,THQ NORDIC GMBH,360,
1274,Darkest Dungeon,,Каталог,,,Да,,PS4,2016-09-27,RED HOOK STUDIOS,360,
1275,Bus Simulator : World Tour,,Каталог,,,,Да,PS5,2026-01-27,SC OVILEX SOFT SRL,340,
1276,MX vs ATV Legends - Pastranaland,,Каталог,Да,,,,XBOX,2025-12-16,THQ Nordic,340,
1277,Bus Simulator 25,,Каталог,Да,Да,,,XBOX + PC,2025-10-13,Games.io,340,
1278,Baki Hanma: Blood Arena,,Каталог,Да,Да,,,XBOX + PC,2025-09-11,Purple Play LLC,340,
1279,MX vs ATV Legends - 2025 AMA Pro Motocross Championship,,Каталог,Да,,,,XBOX,2025-08-05,THQ Nordic,340,
1280,MX vs ATV Legends - 2025 Track Pass,,Каталог,Да,,,,XBOX,2025-06-17,THQ Nordic,340,
1281,The Casting of Frank Stone,,Каталог,Да,Да,,,XBOX + PC,2024-09-03,Behaviour Interactive,340,
1282,Still Wakes the Deep,,Каталог,Да,Да,,,XBOX + PC,2024-06-18,Secret Mode,340,
1283,Lawn Mowing Simulator: Landmark Edition,,Каталог,Да,Да,,Да,XBOX + PC | PS5,2023-08-28,Curve Digital,340,
1284,Moving Out 2,,Каталог,Да,Да,,,XBOX + PC,2023-08-14,Team17,340,
1285,Construction Simulator,,Каталог,Да,Да,,,XBOX + PC,2022-09-20,astragon Entertainment GmbH,340,
1286,MX vs ATV Legends,,Каталог,Да,,,Да,XBOX | PS5,2022-06-28,THQ Nordic,340,
1287,Lawn Mowing Simulator,,Каталог,Да,Да,,Да,XBOX + PC | PS5,2021-08-10,Curve Digital,340,
1288,The Great Ace Attorney Chronicles,,Каталог,,,Да,,PS4,2021-07-27,CE EUROPE LIMITED,340,
1289,Torchlight III,,Каталог,Да,Да,Да,,XBOX + PC | PS4,2020-10-13,X.D. NETWORK INC.,340,
1290,Wasteland 3,,Каталог,,,Да,,PS4,2020-08-27,InXile Entertainment,340,
1291,Construction Simulator 3 - Console Edition,,Каталог,,,Да,,PS4,2020-04-07,ASTRAGON ENTERTAINMENT GMBH,340,
1292,Construction Simulator 2 US - Console Edition,,Каталог,,,Да,,PS4,2018-09-12,ASTRAGON ENTERTAINMENT GMBH,340,
1293,Vampyr,,Каталог,,,Да,,PS4,2018-06-05,Focus Entertainment,340,
1294,Undertale,,Каталог,,,Да,,PS4,2017-08-15,"8-4, LTD",340,
1295,Wasteland 2: Director's Cut,,Каталог,,,Да,,PS4,2015-10-13,InXile Entertainment,340,
1296,Tribe: Primitive Builder & Prison Simulator,,Каталог,Да,,,,XBOX,2025-05-26,PlayWay S.A.,320,
1297,SWORD ART ONLINE Fractured Daydream,,Каталог,Да,,,,XBOX,2024-10-03,Bandai Namco Entertainment Inc.,320,
1298,MotoGP24,,Каталог,Да,Да,,,XBOX + PC,2024-05-01,Milestone S.r.l.,320,
1299,SWORD ART ONLINE Alicization Lycoris - Blooming of Matricaria,,Каталог,Да,,,,XBOX,2022-07-26,Bandai Namco Entertainment Inc.,320,
1300,Monster Energy Supercross 5 - US Open Track,,Каталог,Да,,,,XBOX,2022-05-04,Milestone S.r.l.,320,
1301,MotoGP22,,Каталог,Да,Да,,,XBOX + PC,2022-04-20,Milestone S.r.l.,320,
1302,SWORD ART ONLINE Alicization Lycoris - Blooming of Forget-me-not,,Каталог,Да,,,,XBOX,2021-11-02,BANDAI NAMCO Entertainment,320,
1303,SCARLET NEXUS PS4 & PS5,,Каталог,Да,,,Да,XBOX | PS5,2021-06-25,BANDAI NAMCO ENTERTAINMENT EUROPE,320,catalog
1304,MotoGP21 - Limited Edition Liveries,,Каталог,Да,,,,XBOX,2021-04-21,Milestone S.r.l.,320,
1305,Monster Energy Supercross - The Official Videogame 4,,Каталог,,,Да,,PS4,2021-03-11,MILESTONE SRL,320,
1306,Thief Simulator,,Каталог,,,Да,,PS4,2020-08-12,PLAYWAY S.A,320,
1307,MotoGP19,,Каталог,,,Да,,PS4,2019-06-06,MILESTONE SRL,320,
1308,Monster Energy Supercross - The Official Videogame 2,,Каталог,,,Да,,PS4,2019-02-08,MILESTONE SRL,320,
1309,Monster Energy Supercross 2 - Special Edition,,Каталог,,,Да,,PS4,2019-02-08,MILESTONE SRL,320,
1310,Taiko no Tatsujin: Drum Session!,,Каталог,,,Да,,PS4,2018-11-02,BANDAI NAMCO ENTERTAINMENT EUROPE,320,
1311,MotoGP18,,Каталог,,,Да,,PS4,2018-06-07,MILESTONE SRL,320,
1312,MotoGP17,,Каталог,,,Да,,PS4,2017-06-15,MILESTONE SRL,320,
1313,MotoGP15 Compact,,Каталог,,,,Да,PS5,2015-12-10,MILESTONE SRL,320,
1314,MotoGP15,,Каталог,,,Да,,PS4,2015-06-24,MILESTONE SRL,320,
1315,Обновление MotoGP14 с Compact до полной версии,,Каталог,,,,Да,PS5,2014-11-26,MILESTONE SRL,320,
1316,MotoGP14 Compact,,Каталог,,,,Да,PS5,2014-11-20,MILESTONE SRL,320,
1317,MotoGP14,,Каталог,,,,Да,PS5,2014-06-20,MILESTONE SRL,320,
1318,Grass Cutting Simulator: Lawn Mowing Care,,Каталог,,,Да,,PS4,2024-08-09,DEZVOLT APP & IDEI SRL,300,
1319,MX vs ATV Legends - 2024 AMA Pro Motocross Championship,,Каталог,Да,,,,XBOX,2024-05-21,THQ Nordic,300,
1320,Awesome Pea 3,,Каталог,,,Да,,PS4,2024-05-15,EVGENIY KOLPAKOV,300,
1321,Motesolo: No Girlfriend Since Birth (PS4),,Каталог,,,Да,,PS4,2024-03-28,"CFK Co., Ltd.",300,
1322,As Dusk Falls PS4 & PS5,,Каталог,,,,Да,PS5,2024-03-07,INTERIOR NIGHT LIMITED,300,
1323,DESOLATIUM,,Каталог,,,Да,,PS4,2023-10-27,SOEDESCO PUBLISHING,300,
1324,Hotel: A Resort Simulator,,Каталог,,,,Да,PS5,2023-10-12,Bigben Interactive,300,
1325,Bus Simulator 21 Next Stop - Official School Bus Extension,,Каталог,Да,Да,,,XBOX + PC,2023-08-30,astragon Entertainment,300,
1326,RIDE 5,,Каталог,Да,,,,XBOX,2023-08-23,Milestone S.r.l.,300,
1327,Tropical Resort Story,,Каталог,,,Да,,PS4,2023-08-03,"KAIROSOFT CO.,LTD",300,
1328,MX vs ATV Legends 2023 Track Pass,,Каталог,Да,,,,XBOX,2023-05-25,THQ Nordic,300,
1329,Lonesome Village,,Каталог,Да,,,,XBOX,2022-11-01,Ogre Pixel,300,
1330,MX vs ATV Legends 2022 Track Pass,,Каталог,Да,,,,XBOX,2022-07-05,THQ Nordic,300,
1331,Tourist Bus Simulator,,Каталог,Да,,,,XBOX,2022-05-11,Aerosoft GmbH,300,
1332,Shiny Ski Resort,,Каталог,,,Да,,PS4,2021-11-18,"KAIROSOFT CO.,LTD",300,
1333,Dustwind - The Last Resort,,Каталог,,,,Да,PS5,2021-09-15,Z-SOFTWARE GMBH,300,
1334,Bus Simulator 21 Next Stop,,Каталог,Да,Да,,,XBOX + PC,2021-09-07,astragon Entertainment,300,
1335,KIAI RESONANCE,,Каталог,,,Да,,PS4,2021-08-12,TIMOTHÉE PAEZ TRADING AS ABSORB REALITY,300,
1336,Beautiful Desolation,,Каталог,,,Да,,PS4,2021-05-28,Untold Tales S.A.,300,
1337,Descenders,,Каталог,,,Да,,PS4,2020-08-25,NO MORE ROBOTS,300,
1338,Awesome Pea 2,,Каталог,,,Да,,PS4,2020-06-03,EVGENIY KOLPAKOV,300,
1339,Bus Simulator,,Каталог,,,Да,,PS4,2019-09-17,ASTRAGON ENTERTAINMENT GMBH,300,
1340,Torchlight II,,Каталог,,,Да,,PS4,2019-09-03,X.D. NETWORK INC.,300,
1341,Awesome Pea,,Каталог,,,Да,,PS4,2019-03-01,EVGENIY KOLPAKOV,300,
1342,RESONANCE OF FATE 4K/HD EDITION,,Каталог,,,Да,,PS4,2018-12-05,TRI-ACE INC.,300,
1343,Shining Resonance Refrain,,Каталог,,,Да,,PS4,2018-07-10,SEGA EUROPE LTD,300,
1344,MX vs ATV All Out,,Каталог,,,Да,,PS4,2018-03-27,THQ NORDIC GMBH,300,
1345,ACA NEOGEO LAST RESORT,,Каталог,,,Да,,PS4,2017-05-02,HAMSTER CORPORATION,300,
1346,Trials Fusion The Awesome MAX Edition,,Каталог,,,Да,,PS4,2015-07-15,Ubisoft,300,
1347,Jetpack Joyride Awesome Barry Bundle,,Каталог,,,,Да,PS5,2015-07-09,BIG ANT STUDIOS PTY LIMITED,300,
1348,Саундтрек RESOGUN,,Каталог,,,Да,,PS4,2015-06-10,Sony Interactive Entertainment,300,
1349,Resonance of Fate,,Каталог,,,,Да,PS5,2014-09-24,SEGA EUROPE LTD,300,
1350,Prison Simulator,,Каталог,,,Да,,PS4,2023-02-03,PLAYWAY S.A,280,
1351,Gungrave G.O.R.E. - Complete Bundle,,Каталог,Да,Да,,,XBOX + PC,2024-10-04,Prime Matter,260,
1352,Gungrave G.O.R.E,,Каталог,Да,Да,,,XBOX + PC,2022-11-22,Prime Matter,260,
1353,GUNGRAVE VR,,Каталог,,,Да,,PS4,2018-12-07,Marvelous Europe Limited,260,
1354,GUNGRAVE VR U.N,,Каталог,,,Да,,PS4,2018-12-07,Marvelous Europe Limited,260,
1355,GUNGRAVE VR: Loaded Coffin Edition,,Каталог,,,Да,,PS4,2018-12-07,Marvelous Europe Limited,260,